Player,PlayerID,Age,TeamID,GP,PTS,REB,AST,STL,BLK,TOV,PF,OffREB,DefREB,MP,FG,FGA,FG%,3P,3PA,3P%,FT,FTA,FT%,2P,2PA,2P%,PTS_GP,REB_GP,AST_GP,STL_GP,BLK_GP,MP_GP
Shai Gilgeous-Alexander,gilgesh01,26,OKC,21,625,115,137,37,21,56,42,20,95,721,219,432,50.7,44,128,34.4,143,167,85.6,175,304,57.6,29.76190476,5.476190476,6.523809524,1.761904762,1,34.33333333
Giannis Antetokounmpo,antetgi01,30,MIL,19,619,221,126,10,25,66,50,41,180,662,242,393,61.6,3,14,21.4,132,216,61.1,239,379,63.1,32.57894737,11.63157895,6.631578947,0.526315789,1.315789474,34.84210526
De'Aaron Fox,foxde01,27,SAC,22,599,111,131,37,4,79,58,24,87,829,219,445,49.2,49,138,35.5,112,139,80.6,170,307,55.4,27.22727273,5.045454545,5.954545455,1.681818182,0.181818182,37.68181818
Jayson Tatum,tatumja01,26,BOS,21,597,181,118,28,12,62,51,10,171,764,192,423,45.4,83,222,37.4,130,162,80.2,109,201,54.2,28.42857143,8.619047619,5.619047619,1.333333333,0.571428571,36.38095238
Franz Wagner,wagnefr01,23,ORL,24,580,135,137,42,11,57,56,23,112,791,210,450,46.7,48,147,32.7,112,128,87.5,162,303,53.5,24.16666667,5.625,5.708333333,1.75,0.458333333,32.95833333
Anthony Davis,davisan02,31,LAL,21,564,237,71,26,39,39,43,52,185,739,202,381,53,15,43,34.9,145,186,78,187,338,55.3,26.85714286,11.28571429,3.380952381,1.238095238,1.857142857,35.19047619
LaMelo Ball,ballla01,23,CHO,18,559,97,125,20,4,81,73,17,80,614,193,449,43,84,236,35.6,89,105,84.8,109,213,51.2,31.05555556,5.388888889,6.944444444,1.111111111,0.222222222,34.11111111
Anthony Edwards,edwaran01,23,MIN,21,550,115,78,30,12,62,42,14,101,765,190,429,44.3,94,222,42.3,76,95,80,96,207,46.4,26.19047619,5.476190476,3.714285714,1.428571429,0.571428571,36.42857143
Jalen Brunson,brunsja01,28,NYK,21,529,61,161,13,1,49,52,10,51,716,182,373,48.8,52,127,40.9,113,133,85,130,246,52.8,25.19047619,2.904761905,7.666666667,0.619047619,0.047619048,34.0952381
James Harden,hardeja01,35,LAC,24,519,162,205,38,16,105,47,14,148,814,148,391,37.9,68,201,33.8,155,173,89.6,80,190,42.1,21.625,6.75,8.541666667,1.583333333,0.666666667,33.91666667
Donovan Mitchell,mitchdo01,28,CLE,21,511,102,86,33,6,42,48,12,90,665,182,400,45.5,78,194,40.2,69,85,81.2,104,206,50.5,24.33333333,4.857142857,4.095238095,1.571428571,0.285714286,31.66666667
Karl-Anthony Towns,townska01,29,NYK,20,502,262,61,16,17,46,66,58,204,669,180,341,52.8,47,104,45.2,95,110,86.4,133,237,56.1,25.1,13.1,3.05,0.8,0.85,33.45
Devin Booker,bookede01,28,PHO,20,499,76,131,21,9,45,46,23,53,738,162,364,44.5,54,155,34.8,121,135,89.6,108,209,51.7,24.95,3.8,6.55,1.05,0.45,36.9
LeBron James,jamesle01,40,LAL,22,490,174,199,14,10,90,25,21,153,763,187,381,49.1,41,120,34.2,75,99,75.8,146,261,55.9,22.27272727,7.909090909,9.045454545,0.636363636,0.454545455,34.68181818
Tyler Herro,herroty01,25,MIA,20,482,104,97,15,2,50,33,5,99,694,165,353,46.7,86,205,42,66,77,85.7,79,148,53.4,24.1,5.2,4.85,0.75,0.1,34.7
Nikola Jokic,jokicni01,29,DEN,16,482,208,166,27,14,60,29,64,144,602,181,321,56.4,36,69,52.2,84,103,81.6,145,252,57.5,30.125,13,10.375,1.6875,0.875,37.625
Kyrie Irving,irvinky01,32,DAL,20,481,98,108,24,4,43,47,25,73,709,179,363,49.3,61,135,45.2,62,70,88.6,118,228,51.8,24.05,4.9,5.4,1.2,0.2,35.45
Cade Cunningham,cunnica01,23,DET,20,473,143,182,18,16,95,53,22,121,718,179,396,45.2,48,127,37.8,67,86,77.9,131,269,48.7,23.65,7.15,9.1,0.9,0.8,35.9
Damian Lillard,lillada01,34,MIL,18,467,80,135,17,4,52,32,10,70,645,144,319,45.1,63,167,37.7,116,126,92.1,81,152,53.3,25.94444444,4.444444444,7.5,0.944444444,0.222222222,35.83333333
Luka Doncic,doncilu01,25,DAL,16,466,126,124,29,6,52,45,11,115,590,164,363,45.2,54,158,34.2,84,112,75,110,205,53.7,29.125,7.875,7.75,1.8125,0.375,36.875
Pascal Siakam,siakapa01,30,IND,23,463,146,84,21,6,34,69,41,105,790,179,337,53.1,41,100,41,64,82,78,138,237,58.2,20.13043478,6.347826087,3.652173913,0.913043478,0.260869565,34.34782609
Nikola Vucevic,vucevni01,34,CHI,22,460,219,71,15,19,40,52,43,176,699,184,316,58.2,49,103,47.6,43,51,84.3,135,213,63.4,20.90909091,9.954545455,3.227272727,0.681818182,0.863636364,31.77272727
Jalen Williams,willija06,23,OKC,21,458,127,109,45,19,45,59,19,108,668,180,351,51.3,42,109,38.5,56,70,80,138,242,57,21.80952381,6.047619048,5.19047619,2.142857143,0.904761905,31.80952381
Trae Young,youngtr01,26,ATL,22,456,85,263,27,3,104,48,14,71,786,139,362,38.4,56,183,30.6,122,137,89.1,83,179,46.4,20.72727273,3.863636364,11.95454545,1.227272727,0.136363636,35.72727273
RJ Barrett,barrerj01,24,TOR,19,455,123,117,15,5,66,48,18,105,658,165,357,46.2,39,110,35.5,86,123,69.9,126,247,51,23.94736842,6.473684211,6.157894737,0.789473684,0.263157895,34.63157895
Jalen Johnson,johnsja05,23,ATL,22,443,218,120,30,25,71,43,38,180,801,177,348,50.9,36,100,36,53,70,75.7,141,248,56.9,20.13636364,9.909090909,5.454545455,1.363636364,1.136363636,36.40909091
Jaren Jackson Jr.,jacksja02,25,MEM,20,441,119,25,27,36,44,65,28,91,569,157,307,51.1,36,107,33.6,91,110,82.7,121,200,60.5,22.05,5.95,1.25,1.35,1.8,28.45
Julius Randle,randlju01,30,MIN,21,440,140,85,17,1,57,54,35,105,702,152,304,50,36,101,35.6,100,123,81.3,116,203,57.1,20.95238095,6.666666667,4.047619048,0.80952381,0.047619048,33.42857143
Jaylen Brown,brownja02,28,BOS,17,428,108,78,20,6,43,45,26,82,617,145,336,43.2,44,132,33.3,94,123,76.4,101,204,49.5,25.17647059,6.352941176,4.588235294,1.176470588,0.352941176,36.29411765
Darius Garland,garlada01,25,CLE,21,427,51,141,23,5,49,54,11,40,629,153,310,49.4,63,140,45,58,61,95.1,90,170,52.9,20.33333333,2.428571429,6.714285714,1.095238095,0.238095238,29.95238095
Jalen Green,greenja05,22,HOU,22,424,105,59,21,7,58,40,12,93,710,143,355,40.3,57,172,33.1,81,94,86.2,86,183,47,19.27272727,4.772727273,2.681818182,0.954545455,0.318181818,32.27272727
Victor Wembanyama,wembavi01,21,SAS,18,423,187,68,23,61,65,39,38,149,585,156,328,47.6,56,166,33.7,55,64,85.9,100,162,61.7,23.5,10.38888889,3.777777778,1.277777778,3.388888889,32.5
Domantas Sabonis,sabondo01,28,SAC,20,420,252,126,15,9,70,75,64,188,728,161,258,62.4,21,51,41.2,77,96,80.2,140,207,67.6,21,12.6,6.3,0.75,0.45,36.4
Cam Thomas,thomaca02,23,BRK,17,420,55,57,12,1,48,34,6,49,568,137,297,46.1,49,126,38.9,97,112,86.6,88,171,51.5,24.70588235,3.235294118,3.352941176,0.705882353,0.058823529,33.41176471
Alperen Sengun,sengual01,22,HOU,22,418,236,117,25,26,46,60,77,159,677,161,340,47.4,9,33,27.3,87,114,76.3,152,307,49.5,19,10.72727273,5.318181818,1.136363636,1.181818182,30.77272727
Zach LaVine,lavinza01,29,CHI,19,414,81,78,15,6,49,32,4,77,634,151,296,51,60,140,42.9,52,63,82.5,91,156,58.3,21.78947368,4.263157895,4.105263158,0.789473684,0.315789474,33.36842105
Bennedict Mathurin,mathube01,22,IND,23,414,149,42,16,7,49,58,29,120,750,136,286,47.6,37,92,40.2,105,124,84.7,99,194,51,18,6.47826087,1.826086957,0.695652174,0.304347826,32.60869565
Norman Powell,powelno01,31,LAC,17,407,50,41,18,3,36,30,5,45,551,141,279,50.5,68,134,50.7,57,68,83.8,73,145,50.3,23.94117647,2.941176471,2.411764706,1.058823529,0.176470588,32.41176471
Jaden Ivey,iveyja01,22,DET,23,406,96,98,22,10,69,57,30,66,703,144,321,44.9,43,113,38.1,75,102,73.5,101,208,48.6,17.65217391,4.173913043,4.260869565,0.956521739,0.434782609,30.56521739
Cameron Johnson,johnsca02,28,BRK,22,406,95,64,19,10,20,42,16,79,717,135,279,48.4,72,167,43.1,64,71,90.1,63,112,56.3,18.45454545,4.318181818,2.909090909,0.863636364,0.454545455,32.59090909
Tyrese Haliburton,halibty01,24,IND,23,405,78,194,30,12,45,39,18,60,809,137,330,41.5,66,198,33.3,65,76,85.5,71,132,53.8,17.60869565,3.391304348,8.434782609,1.304347826,0.52173913,35.17391304
Coby White,whiteco01,24,CHI,21,384,78,95,24,5,52,50,7,71,682,127,292,43.5,69,182,37.9,61,70,87.1,58,110,52.7,18.28571429,3.714285714,4.523809524,1.142857143,0.238095238,32.47619048
DeMar DeRozan,derozde01,35,SAC,17,383,72,75,26,10,30,25,9,63,616,144,287,50.2,10,37,27,85,103,82.5,134,250,53.6,22.52941176,4.235294118,4.411764706,1.529411765,0.588235294,36.23529412
Derrick White,whitede01,30,BOS,21,381,100,103,17,22,29,52,26,74,721,132,283,46.6,80,195,41,37,44,84.1,52,88,59.1,18.14285714,4.761904762,4.904761905,0.80952381,1.047619048,34.33333333
Malik Beasley,beaslma01,28,DET,24,376,73,45,18,1,26,33,16,57,685,134,310,43.2,85,213,39.9,23,32,71.9,49,97,50.5,15.66666667,3.041666667,1.875,0.75,0.041666667,28.54166667
Dennis Schroder,schrode01,31,BRK,21,375,62,133,25,4,53,51,4,58,712,128,296,43.2,51,136,37.5,68,76,89.5,77,160,48.1,17.85714286,2.952380952,6.333333333,1.19047619,0.19047619,33.9047619
Evan Mobley,mobleev01,23,CLE,21,373,196,58,21,34,47,45,47,149,657,144,265,54.3,13,41,31.7,72,88,81.8,131,224,58.5,17.76190476,9.333333333,2.761904762,1,1.619047619,31.28571429
Brandon Ingram,ingrabr01,27,NOP,16,366,92,87,13,10,62,41,16,76,539,144,310,46.5,39,107,36.4,39,47,83,105,203,51.7,22.875,5.75,5.4375,0.8125,0.625,33.6875
OG Anunoby,anunoog01,27,NYK,21,365,106,42,28,20,26,55,23,83,762,136,277,49.1,47,124,37.9,46,55,83.6,89,153,58.2,17.38095238,5.047619048,2,1.333333333,0.952380952,36.28571429
Brandon Miller,millebr02,22,CHO,17,364,88,60,23,13,47,45,17,71,584,128,318,40.3,68,185,36.8,40,45,88.9,60,133,45.1,21.41176471,5.176470588,3.529411765,1.352941176,0.764705882,34.35294118
Payton Pritchard,pritcpa01,27,BOS,22,364,70,65,24,3,24,39,24,46,623,123,252,48.8,83,194,42.8,35,40,87.5,40,58,69,16.54545455,3.181818182,2.954545455,1.090909091,0.136363636,28.31818182
Stephen Curry,curryst01,36,GSW,16,361,89,106,22,8,55,19,8,81,483,120,263,45.6,67,160,41.9,54,57,94.7,53,103,51.5,22.5625,5.5625,6.625,1.375,0.5,30.1875
John Collins,collijo01,27,UTA,20,356,173,50,24,16,52,60,50,123,583,135,253,53.4,24,60,40,62,68,91.2,111,193,57.5,17.8,8.65,2.5,1.2,0.8,29.15
Michael Porter Jr.,portemi01,26,DEN,19,356,137,52,15,6,22,45,30,107,675,140,276,50.7,48,118,40.7,28,43,65.1,92,158,58.2,18.73684211,7.210526316,2.736842105,0.789473684,0.315789474,35.52631579
Collin Sexton,sextoco01,26,UTA,21,355,54,67,15,3,52,49,17,37,595,123,255,48.2,38,89,42.7,71,80,88.8,85,166,51.2,16.9047619,2.571428571,3.19047619,0.714285714,0.142857143,28.33333333
Jakob Poeltl,poeltja01,29,TOR,22,352,259,55,24,29,50,83,91,168,719,151,254,59.4,0,1,0,50,77,64.9,151,253,59.7,16,11.77272727,2.5,1.090909091,1.318181818,32.68181818
Jalen Suggs,suggsja01,23,ORL,23,351,93,92,33,23,63,59,14,79,687,120,293,41,49,156,31.4,62,67,92.5,71,137,51.8,15.26086957,4.043478261,4,1.434782609,1,29.86956522
Jordan Poole,poolejo01,25,WAS,17,349,37,82,30,8,59,58,4,33,505,116,261,44.4,52,125,41.6,65,75,86.7,64,136,47.1,20.52941176,2.176470588,4.823529412,1.764705882,0.470588235,29.70588235
Tyrese Maxey,maxeyty01,24,PHI,14,348,45,67,28,5,27,35,3,42,509,123,301,40.9,40,131,30.5,62,72,86.1,83,170,48.8,24.85714286,3.214285714,4.785714286,2,0.357142857,36.35714286
Ivica Zubac,zubaciv01,27,LAC,24,348,292,57,13,24,50,50,96,196,774,156,259,60.2,0,0,0,36,69,52.2,156,259,60.2,14.5,12.16666667,2.375,0.541666667,1,32.25
Mikal Bridges,bridgmi01,28,NYK,21,344,77,68,22,11,32,29,21,56,795,144,305,47.2,47,142,33.1,9,14,64.3,97,163,59.5,16.38095238,3.666666667,3.238095238,1.047619048,0.523809524,37.85714286
Fred VanVleet,vanvlfr01,30,HOU,21,338,88,124,33,8,26,50,12,76,736,119,301,39.5,51,158,32.3,49,59,83.1,68,143,47.6,16.0952381,4.19047619,5.904761905,1.571428571,0.380952381,35.04761905
Kevin Durant,duranke01,36,PHO,13,335,87,40,7,19,43,22,3,84,464,120,224,53.6,35,78,44.9,60,75,80,85,146,58.2,25.76923077,6.692307692,3.076923077,0.538461538,1.461538462,35.69230769
Jared McCain,mccaija01,20,PHI,20,329,53,51,12,0,31,30,12,41,514,117,250,46.8,46,120,38.3,49,56,87.5,71,130,54.6,16.45,2.65,2.55,0.6,0,25.7
Lauri Markkanen,markkla01,27,UTA,17,327,111,38,12,2,22,29,28,83,547,103,228,45.2,45,117,38.5,76,89,85.4,58,111,52.3,19.23529412,6.529411765,2.235294118,0.705882353,0.117647059,32.17647059
Myles Turner,turnemy01,28,IND,21,326,155,33,16,44,55,65,27,128,681,118,249,47.4,43,108,39.8,47,65,72.3,75,141,53.2,15.52380952,7.380952381,1.571428571,0.761904762,2.095238095,32.42857143
Tobias Harris,harrito02,32,DET,23,325,156,56,20,21,29,47,24,132,747,123,275,44.7,36,104,34.6,43,52,82.7,87,171,50.9,14.13043478,6.782608696,2.434782609,0.869565217,0.913043478,32.47826087
Austin Reaves,reaveau01,26,LAL,19,318,67,92,20,4,43,41,15,52,641,110,250,44,50,141,35.5,48,62,77.4,60,109,55,16.73684211,3.526315789,4.842105263,1.052631579,0.210526316,33.73684211
Anfernee Simons,simonan01,25,POR,19,318,48,84,17,1,48,37,5,43,577,111,276,40.2,47,142,33.1,49,55,89.1,64,134,47.8,16.73684211,2.526315789,4.421052632,0.894736842,0.052631579,30.36842105
Jerami Grant,grantje01,30,POR,20,315,70,49,20,21,29,45,9,61,654,102,264,38.6,44,123,35.8,67,82,81.7,58,141,41.1,15.75,3.5,2.45,1,1.05,32.7
Bam Adebayo,adebaba01,27,MIA,20,311,197,100,33,16,37,40,52,145,695,118,275,42.9,18,55,32.7,57,79,72.2,100,220,45.5,15.55,9.85,5,1.65,0.8,34.75
Jarrett Allen,allenja01,26,CLE,22,309,227,35,21,21,23,28,50,177,648,126,179,70.4,0,1,0,57,78,73.1,126,178,70.8,14.04545455,10.31818182,1.590909091,0.954545455,0.954545455,29.45454545
Moritz Wagner,wagnemo01,27,ORL,24,309,124,33,19,11,41,46,35,89,464,112,206,54.4,19,60,31.7,66,89,74.2,93,146,63.7,12.875,5.166666667,1.375,0.791666667,0.458333333,19.33333333
Andrew Wiggins,wiggian01,29,GSW,18,309,77,44,16,13,18,34,30,47,519,105,229,45.9,40,96,41.7,59,76,77.6,65,133,48.9,17.16666667,4.277777778,2.444444444,0.888888889,0.722222222,28.83333333
Gradey Dick,dickgr01,21,TOR,17,308,52,38,15,5,31,38,11,41,560,103,247,41.7,40,117,34.2,62,68,91.2,63,130,48.5,18.11764706,3.058823529,2.235294118,0.882352941,0.294117647,32.94117647
Keyonte George,georgke01,21,UTA,20,308,61,114,13,1,67,37,10,51,636,105,275,38.2,52,158,32.9,46,58,79.3,53,117,45.3,15.4,3.05,5.7,0.65,0.05,31.8
Christian Braun,braunch01,23,DEN,19,297,97,37,23,12,27,43,22,75,665,109,188,58,23,50,46,56,72,77.8,86,138,62.3,15.63157895,5.105263158,1.947368421,1.210526316,0.631578947,35
Buddy Hield,hieldbu01,32,GSW,20,297,69,30,16,5,23,44,14,55,464,104,228,45.6,67,153,43.8,22,24,91.7,37,75,49.3,14.85,3.45,1.5,0.8,0.25,23.2
Santi Aldama,aldamsa01,24,MEM,22,288,164,75,19,10,31,26,38,126,606,119,231,51.5,32,94,34,18,23,78.3,87,137,63.5,13.09090909,7.454545455,3.409090909,0.863636364,0.454545455,27.54545455
Josh Hart,hartjo01,29,NYK,21,288,180,120,30,8,40,50,36,144,780,112,189,59.3,26,69,37.7,38,44,86.4,86,120,71.7,13.71428571,8.571428571,5.714285714,1.428571429,0.380952381,37.14285714
Dyson Daniels,daniedy01,21,ATL,21,285,105,66,64,19,37,58,33,72,706,119,269,44.2,25,85,29.4,22,33,66.7,94,184,51.1,13.57142857,5,3.142857143,3.047619048,0.904761905,33.61904762
Jamal Murray,murraja01,27,DEN,16,283,64,100,22,10,31,29,8,56,571,101,241,41.9,32,96,33.3,49,61,80.3,69,145,47.6,17.6875,4,6.25,1.375,0.625,35.6875
Jimmy Butler,butleji01,35,MIA,15,281,81,72,19,5,21,19,38,43,476,92,168,54.8,8,22,36.4,89,114,78.1,84,146,57.5,18.73333333,5.4,4.8,1.266666667,0.333333333,31.73333333
Naz Reid,reidna01,25,MIN,21,273,104,31,16,15,26,48,14,90,515,99,206,48.1,39,106,36.8,36,40,90,60,100,60,13,4.952380952,1.476190476,0.761904762,0.714285714,24.52380952
Dillon Brooks,brookdi01,29,HOU,22,272,79,32,12,5,21,72,27,52,672,100,240,41.7,45,116,38.8,27,32,84.4,55,124,44.4,12.36363636,3.590909091,1.454545455,0.545454545,0.227272727,30.54545455
Keegan Murray,murrake02,24,SAC,22,269,170,35,15,18,24,67,55,115,811,105,252,41.7,35,122,28.7,24,29,82.8,70,130,53.8,12.22727273,7.727272727,1.590909091,0.681818182,0.818181818,36.86363636
Zaccharie Risacher,risacza01,19,ATL,23,268,82,30,20,17,26,51,29,53,554,98,239,41,31,107,29,41,60,68.3,67,132,50.8,11.65217391,3.565217391,1.304347826,0.869565217,0.739130435,24.08695652
Jaylen Wells,wellsja01,21,MEM,22,267,74,41,10,5,26,37,21,53,554,98,214,45.8,44,113,38.9,27,35,77.1,54,101,53.5,12.13636364,3.363636364,1.863636364,0.454545455,0.227272727,25.18181818
Josh Giddey,giddejo01,22,CHI,22,266,139,151,17,10,55,36,28,111,597,100,225,44.4,27,80,33.8,39,56,69.6,73,145,50.3,12.09090909,6.318181818,6.863636364,0.772727273,0.454545455,27.13636364
Ochai Agbaji,agbajoc01,24,TOR,22,265,98,46,24,14,21,57,22,76,698,104,193,53.9,43,88,48.9,14,20,70,61,105,58.1,12.04545455,4.454545455,2.090909091,1.090909091,0.636363636,31.72727273
Ayo Dosunmu,dosunay01,25,CHI,22,265,79,93,12,10,28,50,13,66,645,104,216,48.1,24,87,27.6,33,42,78.6,80,129,62,12.04545455,3.590909091,4.227272727,0.545454545,0.454545455,29.31818182
Daniel Gafford,gaffoda01,26,DAL,21,265,139,28,12,25,18,55,59,80,445,112,153,73.2,0,0,0,41,59,69.5,112,153,73.2,12.61904762,6.619047619,1.333333333,0.571428571,1.19047619,21.19047619
Deni Avdija,avdijde01,24,POR,22,264,131,70,24,18,46,46,28,103,591,86,206,41.7,29,84,34.5,63,79,79.7,57,122,46.7,12,5.954545455,3.181818182,1.090909091,0.818181818,26.86363636
Ja Morant,moranja01,25,MEM,12,264,49,103,12,4,47,19,5,44,332,89,190,46.8,15,51,29.4,71,84,84.5,74,139,53.2,22,4.083333333,8.583333333,1,0.333333333,27.66666667
D'Angelo Russell,russeda01,28,LAL,21,261,53,101,20,3,37,38,6,47,575,94,225,41.8,39,120,32.5,34,39,87.2,55,105,52.4,12.42857143,2.523809524,4.80952381,0.952380952,0.142857143,27.38095238
Kelly Oubre Jr.,oubreke01,29,PHI,20,258,97,29,23,10,26,65,29,68,618,100,227,44.1,28,91,30.8,30,40,75,72,136,52.9,12.9,4.85,1.45,1.15,0.5,30.9
Jabari Smith Jr.,smithja05,21,HOU,22,258,150,18,6,18,13,52,41,109,649,91,208,43.8,37,105,35.2,39,45,86.7,54,103,52.4,11.72727273,6.818181818,0.818181818,0.272727273,0.818181818,29.5
Brook Lopez,lopezbr01,36,MIL,21,250,106,38,26,51,23,51,26,80,691,93,196,47.4,41,114,36,23,32,71.9,52,82,63.4,11.9047619,5.047619048,1.80952381,1.238095238,2.428571429,32.9047619
Bobby Portis,portibo01,29,MIL,20,250,142,30,11,10,25,31,33,109,471,105,230,45.7,22,64,34.4,18,24,75,83,166,50,12.5,7.1,1.5,0.55,0.5,23.55
Amen Thompson,thompam01,22,HOU,22,250,152,44,26,20,39,56,49,103,584,92,167,55.1,6,22,27.3,60,86,69.8,86,145,59.3,11.36363636,6.909090909,2,1.181818182,0.909090909,26.54545455
Tari Eason,easonta01,23,HOU,22,249,142,24,46,23,20,52,50,92,504,98,206,47.6,20,66,30.3,33,43,76.7,78,140,55.7,11.31818182,6.454545455,1.090909091,2.090909091,1.045454545,22.90909091
Derrick Jones Jr.,jonesde02,27,LAC,24,249,84,23,32,5,27,52,30,54,613,96,193,49.7,30,72,41.7,27,31,87.1,66,121,54.5,10.375,3.5,0.958333333,1.333333333,0.208333333,25.54166667
Jonathan Kuminga,kuminjo01,22,GSW,18,249,75,33,19,8,24,36,19,56,416,94,215,43.7,19,64,29.7,42,71,59.2,75,151,49.7,13.83333333,4.166666667,1.833333333,1.055555556,0.444444444,23.11111111
Shaedon Sharpe,sharpsh01,21,POR,14,249,45,31,13,3,29,24,11,34,427,89,202,44.1,25,85,29.4,46,57,80.7,64,117,54.7,17.78571429,3.214285714,2.214285714,0.928571429,0.214285714,30.5
Julian Champagnie,champju02,23,SAS,21,248,111,34,19,13,24,30,19,92,616,85,198,42.9,50,144,34.7,28,31,90.3,35,54,64.8,11.80952381,5.285714286,1.619047619,0.904761905,0.619047619,29.33333333
Scotty Pippen Jr.,pippesc02,24,MEM,22,248,84,119,26,8,45,60,15,69,530,94,196,48,24,66,36.4,36,48,75,70,130,53.8,11.27272727,3.818181818,5.409090909,1.181818182,0.363636364,24.09090909
Ty Jerome,jeromty01,27,CLE,21,247,41,76,29,1,28,32,9,32,395,90,158,57,33,66,50,34,38,89.5,57,92,62,11.76190476,1.952380952,3.619047619,1.380952381,0.047619048,18.80952381
Amir Coffey,coffeam01,27,LAC,24,245,62,31,14,1,17,34,15,47,576,86,177,48.6,40,93,43,33,39,84.6,46,84,54.8,10.20833333,2.583333333,1.291666667,0.583333333,0.041666667,24
Dalton Knecht,knechda01,23,LAL,22,245,74,25,12,1,11,31,14,60,533,90,191,47.1,48,119,40.3,17,22,77.3,42,72,58.3,11.13636364,3.363636364,1.136363636,0.545454545,0.045454545,24.22727273
Scottie Barnes,barnesc01,23,TOR,11,242,93,79,15,7,41,23,24,69,374,88,189,46.6,18,62,29,48,67,71.6,70,127,55.1,22,8.454545455,7.181818182,1.363636364,0.636363636,34
Stephon Castle,castlst01,20,SAS,21,242,53,77,16,9,38,36,17,36,572,85,220,38.6,25,89,28.1,47,65,72.3,60,131,45.8,11.52380952,2.523809524,3.666666667,0.761904762,0.428571429,27.23809524
Clint Capela,capelca01,30,ATL,23,241,219,31,16,22,19,44,83,136,525,107,183,58.5,0,0,0,27,48,56.3,107,183,58.5,10.47826087,9.52173913,1.347826087,0.695652174,0.956521739,22.82608696
Keldon Johnson,johnske04,25,SAS,20,241,111,33,14,4,14,36,20,91,523,88,201,43.8,24,80,30,41,54,75.9,64,121,52.9,12.05,5.55,1.65,0.7,0.2,26.15
Tyus Jones,jonesty01,28,PHO,20,234,52,141,21,2,21,21,13,39,650,91,191,47.6,41,103,39.8,11,14,78.6,50,88,56.8,11.7,2.6,7.05,1.05,0.1,32.5
Onyeka Okongwu,okongon01,24,ATL,21,234,137,34,15,15,19,44,48,89,497,90,167,53.9,8,38,21.1,46,57,80.7,82,129,63.6,11.14285714,6.523809524,1.619047619,0.714285714,0.714285714,23.66666667
Harrison Barnes,barneha02,32,SAS,21,233,99,34,6,4,17,17,37,62,607,77,156,49.4,30,68,44.1,49,61,80.3,47,88,53.4,11.0952381,4.714285714,1.619047619,0.285714286,0.19047619,28.9047619
Malik Monk,monkma01,26,SAC,15,232,51,67,13,8,18,34,1,50,419,83,177,46.9,34,88,38.6,32,39,82.1,49,89,55.1,15.46666667,3.4,4.466666667,0.866666667,0.533333333,27.93333333
Naji Marshall,marshna01,27,DAL,20,231,67,48,19,2,29,31,23,44,482,93,171,54.4,15,51,29.4,30,34,88.2,78,120,65,11.55,3.35,2.4,0.95,0.1,24.1
T.J. McConnell,mccontj01,32,IND,22,229,58,86,29,5,36,24,12,46,432,105,187,56.1,2,8,25,17,23,73.9,103,179,57.5,10.40909091,2.636363636,3.909090909,1.318181818,0.227272727,19.63636364
Klay Thompson,thompkl01,34,DAL,18,229,63,34,12,7,18,23,12,51,505,81,214,37.9,50,139,36,17,18,94.4,31,75,41.3,12.72222222,3.5,1.888888889,0.666666667,0.388888889,28.05555556
Jonas Valanciunas,valanjo01,32,WAS,19,229,147,40,8,13,31,33,44,103,379,91,157,58,2,8,25,45,49,91.8,89,149,59.7,12.05263158,7.736842105,2.105263158,0.421052632,0.684210526,19.94736842
Brandon Boston,bostobr01,23,NOP,19,228,74,70,30,4,31,34,15,59,541,83,198,41.9,24,77,31.2,38,44,86.4,59,121,48.8,12,3.894736842,3.684210526,1.578947368,0.210526316,28.47368421
Terry Rozier,roziete01,30,MIA,18,228,63,57,11,6,31,28,10,53,528,80,195,41,37,102,36.3,31,35,88.6,43,93,46.2,12.66666667,3.5,3.166666667,0.611111111,0.333333333,29.33333333
De'Andre Hunter,huntede01,27,ATL,12,224,50,15,10,2,15,31,7,43,330,73,151,48.3,29,71,40.8,49,54,90.7,44,80,55,18.66666667,4.166666667,1.25,0.833333333,0.166666667,27.5
Russell Westbrook,westbru01,36,DEN,19,223,74,114,27,11,45,46,15,59,466,74,192,38.5,26,72,36.1,49,73,67.1,48,120,40,11.73684211,3.894736842,6,1.421052632,0.578947368,24.52631579
Deandre Ayton,aytonde01,26,POR,15,222,147,20,13,10,27,32,41,106,461,102,181,56.4,5,17,29.4,13,19,68.4,97,164,59.1,14.8,9.8,1.333333333,0.866666667,0.666666667,30.73333333
Rudy Gobert,goberru01,32,MIN,21,222,233,44,14,31,34,61,72,161,715,83,126,65.9,0,0,0,56,71,78.9,83,126,65.9,10.57142857,11.0952381,2.095238095,0.666666667,1.476190476,34.04761905
Jrue Holiday,holidjr01,34,BOS,19,222,80,75,15,6,31,26,20,60,592,80,179,44.7,32,96,33.3,30,33,90.9,48,83,57.8,11.68421053,4.210526316,3.947368421,0.789473684,0.315789474,31.15789474
Bilal Coulibaly,coulibi01,20,WAS,18,221,98,52,24,11,33,45,28,70,628,80,171,46.8,17,56,30.4,44,58,75.9,63,115,54.8,12.27777778,5.444444444,2.888888889,1.333333333,0.611111111,34.88888889
Chris Boucher,bouchch01,32,TOR,22,219,97,14,12,17,14,27,26,71,396,80,170,47.1,24,84,28.6,35,47,74.5,56,86,65.1,9.954545455,4.409090909,0.636363636,0.545454545,0.772727273,18
P.J. Washington,washipj01,26,DAL,17,218,146,44,24,20,29,38,28,118,560,82,176,46.6,25,65,38.5,29,40,72.5,57,111,51.4,12.82352941,8.588235294,2.588235294,1.411764706,1.176470588,32.94117647
Chris Paul,paulch01,39,SAS,21,216,78,173,30,5,38,40,9,69,604,73,168,43.5,39,109,35.8,31,31,100,34,59,57.6,10.28571429,3.714285714,8.238095238,1.428571429,0.238095238,28.76190476
Desmond Bane,banede01,26,MEM,15,214,92,58,13,8,33,42,12,80,416,81,190,42.6,27,87,31,25,32,78.1,54,103,52.4,14.26666667,6.133333333,3.866666667,0.866666667,0.533333333,27.73333333
Obi Toppin,toppiob01,26,IND,22,214,81,36,13,9,16,29,17,64,439,86,161,53.4,22,72,30.6,20,23,87,64,89,71.9,9.727272727,3.681818182,1.636363636,0.590909091,0.409090909,19.95454545
Bradley Beal,bealbr01,31,PHO,12,210,50,39,14,9,20,31,6,44,398,79,159,49.7,28,71,39.4,24,30,80,51,88,58,17.5,4.166666667,3.25,1.166666667,0.75,33.16666667
Jaden McDaniels,mcdanja02,24,MIN,21,208,78,37,23,17,24,65,24,54,625,83,187,44.4,24,80,30,18,26,69.2,59,107,55.1,9.904761905,3.714285714,1.761904762,1.095238095,0.80952381,29.76190476
Toumani Camara,camarto01,24,POR,22,207,114,49,32,8,35,65,49,65,681,77,181,42.5,36,92,39.1,17,25,68,41,89,46.1,9.409090909,5.181818182,2.227272727,1.454545455,0.363636364,30.95454545
Corey Kispert,kispeco01,25,WAS,19,207,65,28,12,3,21,32,7,58,525,76,184,41.3,35,112,31.3,20,24,83.3,41,72,56.9,10.89473684,3.421052632,1.473684211,0.631578947,0.157894737,27.63157895
Luguentz Dort,dortlu01,25,OKC,21,206,94,40,23,16,14,62,29,65,614,69,166,41.6,44,110,40,24,29,82.8,25,56,44.6,9.80952381,4.476190476,1.904761905,1.095238095,0.761904762,29.23809524
Rui Hachimura,hachiru01,26,LAL,17,205,88,29,13,9,11,32,32,56,537,76,161,47.2,26,60,43.3,27,32,84.4,50,101,49.5,12.05882353,5.176470588,1.705882353,0.764705882,0.529411765,31.58823529
Tim Hardaway Jr.,hardati02,32,DET,21,204,39,34,5,0,13,25,3,36,577,66,163,40.5,39,109,35.8,33,37,89.2,27,54,50,9.714285714,1.857142857,1.619047619,0.238095238,0,27.47619048
Aaron Wiggins,wiggiaa01,26,OKC,21,204,79,33,18,6,19,28,24,55,444,80,175,45.7,32,78,41,12,15,80,48,97,49.5,9.714285714,3.761904762,1.571428571,0.857142857,0.285714286,21.14285714
Dalano Banton,bantoda01,25,POR,20,202,47,51,20,12,35,23,7,40,337,72,165,43.6,26,67,38.8,32,48,66.7,46,98,46.9,10.1,2.35,2.55,1,0.6,16.85
Jay Huff,huffja01,26,MEM,22,200,52,17,7,29,13,30,12,40,330,70,132,53,36,84,42.9,24,33,72.7,34,48,70.8,9.090909091,2.363636364,0.772727273,0.318181818,1.318181818,15
Alex Sarr,sarral01,19,WAS,19,200,118,40,14,35,27,53,38,80,509,75,199,37.7,21,86,24.4,29,44,65.9,54,113,47.8,10.52631579,6.210526316,2.105263158,0.736842105,1.842105263,26.78947368
Anthony Black,blackan01,21,ORL,24,199,66,98,21,17,55,51,13,53,580,70,165,42.4,16,59,27.1,43,59,72.9,54,106,50.9,8.291666667,2.75,4.083333333,0.875,0.708333333,24.16666667
Nickeil Alexander-Walker,alexani01,26,MIN,21,198,58,55,20,8,32,35,14,44,510,71,141,50.4,35,80,43.8,21,27,77.8,36,61,59,9.428571429,2.761904762,2.619047619,0.952380952,0.380952381,24.28571429
Jalen Wilson,wilsoja03,24,BRK,22,198,80,36,8,1,20,50,23,57,549,67,150,44.7,29,82,35.4,35,40,87.5,38,68,55.9,9,3.636363636,1.636363636,0.363636364,0.045454545,24.95454545
Kentavious Caldwell-Pope,caldwke01,31,ORL,23,197,50,41,36,13,17,49,9,41,688,67,165,40.6,35,112,31.3,28,29,96.6,32,53,60.4,8.565217391,2.173913043,1.782608696,1.565217391,0.565217391,29.91304348
Guerschon Yabusele,yabusgu01,29,PHI,20,197,118,39,14,10,27,58,40,78,491,73,150,48.7,33,81,40.7,18,31,58.1,40,69,58,9.85,5.9,1.95,0.7,0.5,24.55
Jordan Clarkson,clarkjo01,32,UTA,13,195,50,50,11,1,26,19,10,40,338,68,174,39.1,22,80,27.5,37,46,80.4,46,94,48.9,15,3.846153846,3.846153846,0.846153846,0.076923077,26
Duncan Robinson,robindu01,30,MIA,19,193,43,42,9,3,16,40,8,35,421,69,177,39,45,125,36,10,13,76.9,24,52,46.2,10.15789474,2.263157895,2.210526316,0.473684211,0.157894737,22.15789474
Jalen Duren,durenja01,21,DET,22,192,202,54,7,29,44,69,67,135,525,77,113,68.1,0,0,0,38,66,57.6,77,113,68.1,8.727272727,9.181818182,2.454545455,0.318181818,1.318181818,23.86363636
Royce O'Neale,onealro01,31,PHO,20,191,118,41,19,14,18,44,25,93,505,68,162,42,43,105,41,12,17,70.6,25,57,43.9,9.55,5.9,2.05,0.95,0.7,25.25
Kyle Kuzma,kuzmaky01,29,WAS,12,190,67,23,5,3,29,23,8,59,330,76,181,42,16,58,27.6,22,32,68.8,60,123,48.8,15.83333333,5.583333333,1.916666667,0.416666667,0.25,27.5
Taurean Prince,princta02,30,MIL,21,190,94,40,19,4,24,46,15,79,596,67,132,50.8,45,81,55.6,11,13,84.6,22,51,43.1,9.047619048,4.476190476,1.904761905,0.904761905,0.19047619,28.38095238
Jake LaRavia,laravja01,23,MEM,22,189,102,83,17,16,30,51,33,69,508,67,133,50.4,19,48,39.6,36,52,69.2,48,85,56.5,8.590909091,4.636363636,3.772727273,0.772727273,0.727272727,23.09090909
CJ McCollum,mccolcj01,33,NOP,9,189,34,28,12,4,14,18,7,27,293,74,166,44.6,26,76,34.2,15,24,62.5,48,90,53.3,21,3.777777778,3.111111111,1.333333333,0.444444444,32.55555556
Yves Missi,missiyv01,20,NOP,21,189,163,29,15,26,27,39,74,89,517,76,134,56.7,0,0,0,37,60,61.7,76,134,56.7,9,7.761904762,1.380952381,0.714285714,1.238095238,24.61904762
Georges Niang,niangge01,31,CLE,22,188,80,26,8,4,21,50,13,67,448,72,160,45,37,106,34.9,7,9,77.8,35,54,64.8,8.545454545,3.636363636,1.181818182,0.363636364,0.181818182,20.36363636
Scoot Henderson,hendesc01,20,POR,16,187,46,87,15,2,49,41,11,35,424,69,166,41.6,16,50,32,33,44,75,53,116,45.7,11.6875,2.875,5.4375,0.9375,0.125,26.5
Kevin Porter Jr.,porteke02,24,LAC,21,185,74,58,18,7,49,28,14,60,392,77,186,41.4,9,49,18.4,22,35,62.9,68,137,49.6,8.80952381,3.523809524,2.761904762,0.857142857,0.333333333,18.66666667
Peyton Watson,watsope01,22,DEN,19,185,65,25,14,19,16,39,20,45,486,68,139,48.9,17,46,37,32,40,80,51,93,54.8,9.736842105,3.421052632,1.315789474,0.736842105,1,25.57894737
Donte DiVincenzo,divindo01,28,MIN,21,184,64,74,27,5,37,36,8,56,536,63,177,35.6,46,139,33.1,12,16,75,17,38,44.7,8.761904762,3.047619048,3.523809524,1.285714286,0.238095238,25.52380952
Caris LeVert,leverca01,30,CLE,16,184,47,64,15,7,22,21,9,38,385,66,128,51.6,26,59,44.1,26,37,70.3,40,69,58,11.5,2.9375,4,0.9375,0.4375,24.0625
Cody Martin,martico01,29,CHO,21,184,99,51,23,15,19,41,24,75,533,68,151,45,27,75,36,21,32,65.6,41,76,53.9,8.761904762,4.714285714,2.428571429,1.095238095,0.714285714,25.38095238
Tre Mann,manntr01,23,CHO,13,183,38,39,7,4,25,24,12,26,319,70,161,43.5,24,60,40,19,21,90.5,46,101,45.5,14.07692308,2.923076923,3,0.538461538,0.307692308,24.53846154
Miles McBride,mcbrimi01,24,NYK,16,181,43,41,16,4,16,29,10,33,407,65,140,46.4,35,81,43.2,16,18,88.9,30,59,50.8,11.3125,2.6875,2.5625,1,0.25,25.4375
Ziaire Williams,willizi02,23,BRK,21,181,92,24,20,7,19,56,22,70,459,64,159,40.3,18,66,27.3,35,44,79.5,46,93,49.5,8.619047619,4.380952381,1.142857143,0.952380952,0.333333333,21.85714286
Quentin Grimes,grimequ01,24,DAL,20,177,72,29,14,4,20,37,13,59,408,61,124,49.2,31,72,43.1,24,36,66.7,30,52,57.7,8.85,3.6,1.45,0.7,0.2,20.4
Miles Bridges,bridgmi02,26,CHO,11,176,72,33,7,5,15,15,8,64,331,62,146,42.5,24,69,34.8,28,33,84.8,38,77,49.4,16,6.545454545,3,0.636363636,0.454545455,30.09090909
Isaiah Joe,joeis01,25,OKC,19,174,51,32,15,4,10,35,11,40,422,61,150,40.7,45,120,37.5,7,10,70,16,30,53.3,9.157894737,2.684210526,1.684210526,0.789473684,0.210526316,22.21052632
Kevin Huerter,huertke01,26,SAC,19,173,63,39,20,11,19,45,5,58,491,66,161,41,31,108,28.7,10,15,66.7,35,53,66,9.105263158,3.315789474,2.052631579,1.052631579,0.578947368,25.84210526
Caleb Martin,martica02,29,PHI,18,172,88,44,19,9,34,33,26,62,560,60,148,40.5,15,51,29.4,37,56,66.1,45,97,46.4,9.555555556,4.888888889,2.444444444,1.055555556,0.5,31.11111111
Carlton Carrington,carrica01,19,WAS,19,171,77,81,21,6,39,56,4,73,535,62,154,40.3,27,77,35.1,20,25,80,35,77,45.5,9,4.052631579,4.263157895,1.105263158,0.315789474,28.15789474
Grayson Allen,allengr01,29,PHO,16,168,43,21,11,5,18,22,8,35,370,52,132,39.4,34,99,34.3,30,37,81.1,18,33,54.5,10.5,2.6875,1.3125,0.6875,0.3125,23.125
Draymond Green,greendr01,34,GSW,19,168,118,114,19,19,43,62,18,100,542,55,127,43.3,29,72,40.3,29,48,60.4,26,55,47.3,8.842105263,6.210526316,6,1,1,28.52631579
Gary Trent Jr.,trentga02,26,MIL,19,167,40,19,18,1,11,43,3,37,486,57,146,39,37,96,38.5,16,18,88.9,20,50,40,8.789473684,2.105263158,1,0.947368421,0.052631579,25.57894737
Grant Williams,willigr01,26,CHO,16,166,82,37,18,13,28,46,18,64,479,54,123,43.9,27,74,36.5,31,37,83.8,27,49,55.1,10.375,5.125,2.3125,1.125,0.8125,29.9375
Al Horford,horfoal01,38,BOS,17,165,86,40,14,15,17,27,16,70,476,60,126,47.6,39,92,42.4,6,6,100,21,34,61.8,9.705882353,5.058823529,2.352941176,0.823529412,0.882352941,28
Jeremiah Robinson-Earl,robinje02,24,NOP,22,165,114,25,16,2,20,29,47,67,464,62,138,44.9,19,57,33.3,22,25,88,43,81,53.1,7.5,5.181818182,1.136363636,0.727272727,0.090909091,21.09090909
Julian Strawther,strawju01,22,DEN,19,165,39,26,15,7,17,51,6,33,392,56,126,44.4,26,65,40,27,34,79.4,30,61,49.2,8.684210526,2.052631579,1.368421053,0.789473684,0.368421053,20.63157895
A.J. Green,greenaj01,25,MIL,20,164,43,20,12,1,12,41,4,39,411,55,115,47.8,49,106,46.2,5,6,83.3,6,9,66.7,8.2,2.15,1,0.6,0.05,20.55
Chet Holmgren,holmgch01,22,OKC,10,164,87,20,8,26,23,18,16,71,265,56,111,50.5,14,37,37.8,38,49,77.6,42,74,56.8,16.4,8.7,2,0.8,2.6,26.5
Walker Kessler,kesslwa01,23,UTA,15,164,157,20,8,42,21,36,58,99,432,70,95,73.7,0,0,0,24,41,58.5,70,95,73.7,10.93333333,10.46666667,1.333333333,0.533333333,2.8,28.8
Dorian Finney-Smith,finnedo01,31,BRK,15,160,64,27,14,8,16,46,27,37,435,57,122,46.7,35,83,42.2,11,18,61.1,22,39,56.4,10.66666667,4.266666667,1.8,0.933333333,0.533333333,29
Moses Moody,moodymo01,22,GSW,20,160,40,19,6,6,17,25,9,31,323,55,125,44,28,73,38.4,22,29,75.9,27,52,51.9,8,2,0.95,0.3,0.3,16.15
Paul George,georgpa01,34,PHI,10,159,53,51,21,3,30,24,9,44,295,55,135,40.7,22,65,33.8,27,33,81.8,33,70,47.1,15.9,5.3,5.1,2.1,0.3,29.5
Trayce Jackson-Davis,jackstr02,24,GSW,20,158,103,41,6,13,17,24,35,68,340,71,118,60.2,0,1,0,16,28,57.1,71,117,60.7,7.9,5.15,2.05,0.3,0.65,17
Dereck Lively II,livelde01,20,DAL,17,157,125,40,10,28,20,52,48,77,393,65,92,70.7,0,0,0,27,45,60,65,92,70.7,9.235294118,7.352941176,2.352941176,0.588235294,1.647058824,23.11764706
Davion Mitchell,mitchda01,26,TOR,22,157,49,115,20,4,46,61,11,38,612,60,152,39.5,20,72,27.8,17,26,65.4,40,80,50,7.136363636,2.227272727,5.227272727,0.909090909,0.181818182,27.81818182
Spencer Dinwiddie,dinwisp01,31,DAL,20,156,32,64,13,5,15,33,3,29,422,47,117,40.2,26,71,36.6,36,42,85.7,21,46,45.7,7.8,1.6,3.2,0.65,0.25,21.1
Kris Dunn,dunnkr01,30,LAC,24,156,93,63,36,7,26,62,19,74,543,64,145,44.1,23,70,32.9,5,10,50,41,75,54.7,6.5,3.875,2.625,1.5,0.291666667,22.625
Zach Edey,edeyza01,22,MEM,14,156,97,11,12,14,23,44,43,54,281,64,105,61,6,10,60,22,33,66.7,58,95,61.1,11.14285714,6.928571429,0.785714286,0.857142857,1,20.07142857
Trey Murphy III,murphtr02,24,NOP,9,156,44,21,8,6,13,19,8,36,293,54,139,38.8,23,75,30.7,25,30,83.3,31,64,48.4,17.33333333,4.888888889,2.333333333,0.888888889,0.666666667,32.55555556
Nicolas Claxton,claxtni01,25,BRK,17,155,130,38,10,21,22,43,32,98,422,69,106,65.1,1,2,50,16,38,42.1,68,104,65.4,9.117647059,7.647058824,2.235294118,0.588235294,1.235294118,24.82352941
Goga Bitadze,bitadgo01,25,ORL,19,154,133,33,16,31,25,48,48,85,421,65,96,67.7,0,7,0,24,31,77.4,65,89,73,8.105263158,7,1.736842105,0.842105263,1.631578947,22.15789474
Sam Hauser,hausesa01,27,BOS,18,153,63,20,15,4,8,23,15,48,409,56,129,43.4,39,107,36.4,2,2,100,17,22,77.3,8.5,3.5,1.111111111,0.833333333,0.222222222,22.72222222
Brandin Podziemski,podzibr01,21,GSW,19,152,88,67,15,7,24,38,20,68,460,60,154,39,14,68,20.6,18,24,75,46,86,53.5,8,4.631578947,3.526315789,0.789473684,0.368421053,24.21052632
Tristan Da Silva,dasiltr01,23,ORL,20,150,73,33,8,3,10,26,16,57,475,57,137,41.6,24,71,33.8,12,16,75,33,66,50,7.5,3.65,1.65,0.4,0.15,23.75
Isaiah Stewart,stewais01,23,DET,24,150,148,45,12,33,28,71,57,91,522,58,105,55.2,5,20,25,29,33,87.9,53,85,62.4,6.25,6.166666667,1.875,0.5,1.375,21.75
Jaime Jaquez Jr.,jaqueja01,23,MIA,16,149,89,38,17,2,24,22,25,64,351,55,128,43,10,32,31.3,29,42,69,45,96,46.9,9.3125,5.5625,2.375,1.0625,0.125,21.9375
Patrick Williams,willipa01,23,CHI,15,149,75,35,15,8,29,21,16,59,433,50,133,37.6,28,71,39.4,21,25,84,22,62,35.5,9.933333333,5,2.333333333,1,0.533333333,28.86666667
Mike Conley,conlemi01,37,MIN,17,147,50,77,26,3,24,28,8,42,433,45,127,35.4,32,88,36.4,25,28,89.3,13,39,33.3,8.647058824,2.941176471,4.529411765,1.529411765,0.176470588,25.47058824
Javonte Green,greenja02,31,NOP,22,147,77,20,25,16,12,28,23,54,535,50,118,42.4,17,53,32.1,30,39,76.9,33,65,50.8,6.681818182,3.5,0.909090909,1.136363636,0.727272727,24.31818182
Garrison Mathews,mathega01,28,ATL,18,147,19,26,13,3,10,30,3,16,323,43,95,45.3,37,79,46.8,24,29,82.8,6,16,37.5,8.166666667,1.055555556,1.444444444,0.722222222,0.166666667,17.94444444
Jalen Smith,smithja04,24,CHI,19,146,98,14,8,11,13,29,26,72,275,51,113,45.1,23,63,36.5,21,28,75,28,50,56,7.684210526,5.157894737,0.736842105,0.421052632,0.578947368,14.47368421
Paolo Banchero,banchpa01,22,ORL,5,145,44,28,3,4,11,13,12,32,182,48,97,49.5,11,32,34.4,38,59,64.4,37,65,56.9,29,8.8,5.6,0.6,0.8,36.4
Jordan Hawkins,hawkijo01,22,NOP,11,144,42,14,3,4,14,12,5,37,302,47,126,37.3,22,66,33.3,28,31,90.3,25,60,41.7,13.09090909,3.818181818,1.272727273,0.272727273,0.363636364,27.45454545
Terance Mann,mannte01,28,LAC,23,144,71,40,22,5,13,47,24,47,484,56,128,43.8,16,47,34,16,24,66.7,40,81,49.4,6.260869565,3.086956522,1.739130435,0.956521739,0.217391304,21.04347826
Brandon Clarke,clarkbr01,28,MEM,21,143,99,18,16,7,8,40,33,66,377,65,111,58.6,1,16,6.3,12,19,63.2,64,95,67.4,6.80952381,4.714285714,0.857142857,0.761904762,0.333333333,17.95238095
Kyshawn George,georgky01,21,WAS,19,143,78,50,13,13,19,60,13,65,497,50,149,33.6,24,97,24.7,19,26,73.1,26,52,50,7.526315789,4.105263158,2.631578947,0.684210526,0.684210526,26.15789474
Jusuf Nurkic,nurkiju01,30,PHO,16,143,159,21,15,10,37,47,29,130,385,47,112,42,14,47,29.8,35,52,67.3,33,65,50.8,8.9375,9.9375,1.3125,0.9375,0.625,24.0625
Cason Wallace,wallaca01,21,OKC,21,143,71,45,35,13,7,46,26,45,554,60,141,42.6,18,62,29,5,6,83.3,42,79,53.2,6.80952381,3.380952381,2.142857143,1.666666667,0.619047619,26.38095238
Keon Ellis,elliske01,25,SAC,20,142,42,19,21,18,18,42,16,26,433,46,96,47.9,30,68,44.1,20,25,80,16,28,57.1,7.1,2.1,0.95,1.05,0.9,21.65
Simone Fontecchio,fontesi01,29,DET,22,140,68,17,6,5,16,31,12,56,397,46,116,39.7,26,78,33.3,22,28,78.6,20,38,52.6,6.363636364,3.090909091,0.772727273,0.272727273,0.227272727,18.04545455
Cameron Payne,payneca01,30,NYK,17,139,33,57,12,6,10,38,6,27,303,50,115,43.5,30,68,44.1,9,11,81.8,20,47,42.6,8.176470588,1.941176471,3.352941176,0.705882353,0.352941176,17.82352941
Andre Drummond,drumman01,31,PHI,17,137,139,10,22,8,29,43,49,90,346,55,105,52.4,1,6,16.7,26,47,55.3,54,99,54.5,8.058823529,8.176470588,0.588235294,1.294117647,0.470588235,20.35294118
Jonathan Isaac,isaacjo01,27,ORL,21,136,99,5,18,30,9,31,37,62,355,50,113,44.2,17,58,29.3,19,28,67.9,33,55,60,6.476190476,4.714285714,0.238095238,0.857142857,1.428571429,16.9047619
Zion Williamson,willizi01,24,NOP,6,136,48,32,4,7,22,18,16,32,186,47,104,45.2,2,6,33.3,40,60,66.7,45,98,45.9,22.66666667,8,5.333333333,0.666666667,1.166666667,31
Josh Green,greenjo02,24,CHO,19,135,48,31,13,5,15,53,17,31,513,49,112,43.8,29,60,48.3,8,13,61.5,20,52,38.5,7.105263158,2.526315789,1.631578947,0.684210526,0.263157895,27
Ron Holland,hollaro01,19,DET,24,135,73,17,12,5,23,38,14,59,378,52,125,41.6,9,50,18,22,28,78.6,43,75,57.3,5.625,3.041666667,0.708333333,0.5,0.208333333,15.75
Aaron Gordon,gordoaa01,29,DEN,9,133,57,31,6,2,12,15,19,38,269,45,83,54.2,16,28,57.1,27,33,81.8,29,55,52.7,14.77777778,6.333333333,3.444444444,0.666666667,0.222222222,29.88888889
Jaden Hardy,hardyja02,22,DAL,21,131,29,27,14,1,31,29,4,25,315,47,127,37,16,56,28.6,21,24,87.5,31,71,43.7,6.238095238,1.380952381,1.285714286,0.666666667,0.047619048,15
Haywood Highsmith,highsha01,28,MIA,18,130,53,22,22,15,10,38,14,39,455,49,98,50,23,54,42.6,9,13,69.2,26,44,59.1,7.222222222,2.944444444,1.222222222,1.222222222,0.833333333,25.27777778
Zach Collins,colliza01,27,SAS,21,127,71,38,10,10,20,46,24,47,305,44,95,46.3,11,34,32.4,28,31,90.3,33,61,54.1,6.047619048,3.380952381,1.80952381,0.476190476,0.476190476,14.52380952
Jamison Battle,battlja01,23,TOR,21,126,43,19,3,4,6,25,12,31,294,44,94,46.8,29,70,41.4,9,11,81.8,15,24,62.5,6,2.047619048,0.904761905,0.142857143,0.19047619,14
Sam Merrill,merrisa01,28,CLE,18,125,31,32,10,5,8,34,5,26,355,42,106,39.6,34,94,36.2,7,8,87.5,8,12,66.7,6.944444444,1.722222222,1.777777778,0.555555556,0.277777778,19.72222222
Devin Vassell,vassede01,24,SAS,7,125,10,19,6,3,13,16,2,8,163,45,85,52.9,21,43,48.8,14,14,100,24,42,57.1,17.85714286,1.428571429,2.714285714,0.857142857,0.428571429,23.28571429
Isaac Okoro,okorois01,24,CLE,20,123,49,36,15,9,7,40,19,30,427,44,92,47.8,24,52,46.2,11,17,64.7,20,40,50,6.15,2.45,1.8,0.75,0.45,21.35
Jeremy Sochan,sochaje01,21,SAS,8,122,66,23,8,4,16,22,24,42,227,49,96,51,3,13,23.1,21,33,63.6,46,83,55.4,15.25,8.25,2.875,1,0.5,28.375
Max Christie,chrisma02,21,LAL,21,119,44,25,14,8,13,23,14,30,385,38,91,41.8,11,41,26.8,32,37,86.5,27,50,54,5.666666667,2.095238095,1.19047619,0.666666667,0.380952381,18.33333333
Keon Johnson,johnske07,22,BRK,21,119,63,24,10,7,19,43,13,50,352,44,124,35.5,23,78,29.5,8,11,72.7,21,46,45.7,5.666666667,3,1.142857143,0.476190476,0.333333333,16.76190476
Jarace Walker,walkeja02,21,IND,23,119,80,35,29,8,33,39,11,69,412,40,100,40,20,54,37,19,31,61.3,20,46,43.5,5.173913043,3.47826087,1.52173913,1.260869565,0.347826087,17.91304348
Jose Alvarado,alvarjo01,26,NOP,11,118,24,49,17,3,14,26,6,18,282,40,101,39.6,24,60,40,14,17,82.4,16,41,39,10.72727273,2.181818182,4.454545455,1.545454545,0.272727273,25.63636364
Talen Horton-Tucker,hortota01,24,CHI,16,118,30,24,2,3,8,13,8,22,174,41,73,56.2,16,31,51.6,20,27,74.1,25,42,59.5,7.375,1.875,1.5,0.125,0.1875,10.875
Brice Sensabaugh,sensabr01,21,UTA,15,118,35,11,8,1,22,14,11,24,246,41,93,44.1,25,60,41.7,11,12,91.7,16,33,48.5,7.866666667,2.333333333,0.733333333,0.533333333,0.066666667,16.4
Malaki Branham,branhma01,21,SAS,16,115,29,20,6,2,20,11,3,26,214,41,89,46.1,16,38,42.1,17,20,85,25,51,49,7.1875,1.8125,1.25,0.375,0.125,13.375
Ryan Dunn,dunnry01,22,PHO,19,114,51,15,10,10,10,47,12,39,339,45,110,40.9,22,71,31,2,8,25,23,39,59,6,2.684210526,0.789473684,0.526315789,0.526315789,17.84210526
Shake Milton,miltosh01,28,BRK,19,113,29,41,8,1,11,21,9,20,311,42,89,47.2,17,41,41.5,12,17,70.6,25,48,52.1,5.947368421,1.526315789,2.157894737,0.421052632,0.052631579,16.36842105
Neemias Queta,quetane01,25,BOS,18,113,95,14,4,18,12,38,35,60,328,48,75,64,0,2,0,17,22,77.3,48,73,65.8,6.277777778,5.277777778,0.777777778,0.222222222,1,18.22222222
Noah Clowney,clownno01,20,BRK,15,112,47,10,5,9,11,36,14,33,248,37,94,39.4,23,61,37.7,15,21,71.4,14,33,42.4,7.466666667,3.133333333,0.666666667,0.333333333,0.6,16.53333333
Ajay Mitchell,mitchaj01,22,OKC,21,110,32,32,18,1,17,36,9,23,336,44,95,46.3,12,29,41.4,10,13,76.9,32,66,48.5,5.238095238,1.523809524,1.523809524,0.857142857,0.047619048,16
Jonathan Mogbo,mogbojo01,23,TOR,22,110,95,37,19,8,19,43,50,45,342,40,83,48.2,4,15,26.7,26,36,72.2,36,68,52.9,5,4.318181818,1.681818182,0.863636364,0.363636364,15.54545455
Marcus Smart,smartma01,30,MEM,12,110,29,53,18,6,23,23,12,17,254,34,94,36.2,17,57,29.8,25,29,86.2,17,37,45.9,9.166666667,2.416666667,4.416666667,1.5,0.5,21.16666667
Malcolm Brogdon,brogdma01,32,WAS,8,108,34,21,4,2,12,19,8,26,189,40,78,51.3,5,17,29.4,23,26,88.5,35,61,57.4,13.5,4.25,2.625,0.5,0.25,23.625
Nikola Jovic,jovicni01,21,MIA,14,108,52,18,13,1,8,20,8,44,255,39,87,44.8,14,44,31.8,16,20,80,25,43,58.1,7.714285714,3.714285714,1.285714286,0.928571429,0.071428571,18.21428571
Bogdan Bogdanovic,bogdabo01,32,ATL,9,104,31,20,10,3,15,26,7,24,224,35,90,38.9,20,59,33.9,14,14,100,15,31,48.4,11.55555556,3.444444444,2.222222222,1.111111111,0.333333333,24.88888889
Matas Buzelis,buzelma01,20,CHI,21,104,49,5,8,14,15,30,9,40,244,36,89,40.4,17,47,36.2,15,19,78.9,19,42,45.2,4.952380952,2.333333333,0.238095238,0.380952381,0.666666667,11.61904762
Jamal Shead,sheadja01,22,TOR,22,104,20,63,10,2,29,42,2,18,313,41,104,39.4,13,40,32.5,9,12,75,28,64,43.8,4.727272727,0.909090909,2.863636364,0.454545455,0.090909091,14.22727273
Kyle Filipowski,filipky01,21,UTA,14,102,66,30,8,2,14,23,13,53,266,39,76,51.3,9,30,30,15,29,51.7,30,46,65.2,7.285714286,4.714285714,2.142857143,0.571428571,0.142857143,19
Cole Anthony,anthoco01,24,ORL,21,101,44,35,9,1,23,29,7,37,208,33,85,38.8,12,38,31.6,23,32,71.9,21,47,44.7,4.80952381,2.095238095,1.666666667,0.428571429,0.047619048,9.904761905
Johnny Juzang,juzanjo01,23,UTA,17,101,38,20,6,4,9,32,10,28,277,34,90,37.8,22,65,33.8,11,13,84.6,12,25,48,5.941176471,2.235294118,1.176470588,0.352941176,0.235294118,16.29411765
Marcus Sasser,sassema01,24,DET,16,101,17,24,13,2,12,13,6,11,211,41,76,53.9,13,32,40.6,6,6,100,28,44,63.6,6.3125,1.0625,1.5,0.8125,0.125,13.1875
KJ Martin,martike04,24,PHI,17,100,45,15,7,13,7,41,13,32,309,37,63,58.7,4,12,33.3,22,26,84.6,33,51,64.7,5.882352941,2.647058824,0.882352941,0.411764706,0.764705882,18.17647059
Lindy Waters III,waterli01,27,GSW,17,100,42,22,9,5,4,27,8,34,291,37,90,41.1,22,62,35.5,4,5,80,15,28,53.6,5.882352941,2.470588235,1.294117647,0.529411765,0.294117647,17.11764706
Donovan Clingan,clingdo01,20,POR,17,99,114,5,9,37,17,50,54,60,289,40,76,52.6,3,9,33.3,16,22,72.7,37,67,55.2,5.823529412,6.705882353,0.294117647,0.529411765,2.176470588,17
Kevon Looney,looneke01,28,GSW,18,99,141,29,16,5,15,49,66,75,279,41,77,53.2,0,0,0,17,37,45.9,41,77,53.2,5.5,7.833333333,1.611111111,0.888888889,0.277777778,15.5
Trey Lyles,lylestr01,29,SAC,18,98,71,17,10,11,10,25,15,56,353,33,91,36.3,22,66,33.3,10,14,71.4,11,25,44,5.444444444,3.944444444,0.944444444,0.555555556,0.611111111,19.61111111
Jordan Miller,millejo02,25,LAC,13,98,29,16,5,2,13,15,14,15,196,38,80,47.5,5,19,26.3,17,22,77.3,33,61,54.1,7.538461538,2.230769231,1.230769231,0.384615385,0.153846154,15.07692308
Quenton Jackson,jacksqu01,26,IND,14,97,27,28,9,5,11,28,10,17,240,38,73,52.1,9,23,39.1,12,17,70.6,29,50,58,6.928571429,1.928571429,2,0.642857143,0.357142857,17.14285714
Kyle Anderson,anderky01,31,GSW,19,96,62,49,18,10,10,21,11,51,289,38,95,40,9,33,27.3,11,18,61.1,29,62,46.8,5.052631579,3.263157895,2.578947368,0.947368421,0.526315789,15.21052632
Tidjane Salaun,salauti01,19,CHO,19,96,80,19,11,3,16,27,18,62,374,32,100,32,20,68,29.4,12,17,70.6,12,32,37.5,5.052631579,4.210526316,1,0.578947368,0.157894737,19.68421053
Trendon Watford,watfotr01,24,BRK,10,96,33,13,5,4,16,28,4,29,185,32,74,43.2,7,25,28,25,30,83.3,25,49,51,9.6,3.3,1.3,0.5,0.4,18.5
Luke Kennard,kennalu01,28,MEM,14,94,34,41,8,2,10,9,7,27,276,31,72,43.1,21,52,40.4,11,14,78.6,10,20,50,6.714285714,2.428571429,2.928571429,0.571428571,0.142857143,19.71428571
Ben Simmons,simmobe01,28,BRK,17,94,99,114,15,11,42,46,18,81,408,45,74,60.8,0,0,0,4,8,50,45,74,60.8,5.529411765,5.823529412,6.705882353,0.882352941,0.647058824,24
Gary Payton II,paytoga02,32,GSW,20,93,43,23,13,6,9,24,17,26,244,42,71,59.2,4,19,21.1,5,8,62.5,38,52,73.1,4.65,2.15,1.15,0.65,0.3,12.2
Julian Phillips,phillju01,21,CHI,21,93,46,10,15,4,9,30,17,29,301,33,81,40.7,14,49,28.6,13,21,61.9,19,32,59.4,4.428571429,2.19047619,0.476190476,0.714285714,0.19047619,14.33333333
Dalen Terry,terryda01,22,CHI,22,91,31,22,13,7,19,31,15,16,290,31,65,47.7,8,22,36.4,21,27,77.8,23,43,53.5,4.136363636,1.409090909,1,0.590909091,0.318181818,13.18181818
Pelle Larsson,larsspe01,23,MIA,15,90,30,22,9,0,8,32,10,20,245,34,63,54,11,29,37.9,11,20,55,23,34,67.6,6,2,1.466666667,0.6,0,16.33333333
Nicolas Batum,batumni01,36,LAC,24,89,64,37,8,11,10,30,19,45,423,30,79,38,23,62,37.1,6,8,75,7,17,41.2,3.708333333,2.666666667,1.541666667,0.333333333,0.458333333,17.625
Nick Richards,richani01,27,CHO,7,89,70,12,4,16,10,22,25,45,192,30,47,63.8,0,1,0,29,42,69,30,46,65.2,12.71428571,10,1.714285714,0.571428571,2.285714286,27.42857143
Mason Plumlee,plumlma01,34,PHO,19,88,107,31,6,12,17,37,28,79,321,35,61,57.4,0,0,0,18,32,56.3,35,61,57.4,4.631578947,5.631578947,1.631578947,0.315789474,0.631578947,16.89473684
Josh Okogie,okogijo01,26,PHO,10,85,35,6,9,1,9,12,14,21,158,31,58,53.4,10,19,52.6,13,20,65,21,39,53.8,8.5,3.5,0.6,0.9,0.1,15.8
Wendell Carter Jr.,cartewe01,25,ORL,11,84,84,25,11,7,10,30,22,62,281,30,60,50,4,24,16.7,20,28,71.4,26,36,72.2,7.636363636,7.636363636,2.272727273,1,0.636363636,25.54545455
Seth Curry,curryse01,34,CHO,20,84,26,8,9,3,6,20,9,17,250,31,71,43.7,15,37,40.5,7,9,77.8,16,34,47.1,4.2,1.3,0.4,0.45,0.15,12.5
Kristaps Porzingis,porzikr01,29,BOS,4,84,31,7,4,4,3,8,6,25,109,28,57,49.1,9,25,36,19,23,82.6,19,32,59.4,21,7.75,1.75,1,1,27.25
Reed Sheppard,sheppre01,20,HOU,22,84,22,30,12,6,14,21,7,15,257,33,89,37.1,16,48,33.3,2,2,100,17,41,41.5,3.818181818,1,1.363636364,0.545454545,0.272727273,11.68181818
Jett Howard,howarje01,21,ORL,22,83,28,9,3,6,7,19,10,18,225,30,82,36.6,21,65,32.3,2,2,100,9,17,52.9,3.772727273,1.272727273,0.409090909,0.136363636,0.272727273,10.22727273
Kris Murray,murrakr01,24,POR,19,81,44,12,9,3,12,19,20,24,245,32,70,45.7,10,32,31.3,7,19,36.8,22,38,57.9,4.263157895,2.315789474,0.631578947,0.473684211,0.157894737,12.89473684
Isaiah Hartenstein,harteis01,26,OKC,6,80,74,25,4,9,13,21,16,58,180,35,61,57.4,0,2,0,10,16,62.5,35,59,59.3,13.33333333,12.33333333,4.166666667,0.666666667,1.5,30
Kyle Lowry,lowryky01,38,PHI,14,80,32,44,16,5,11,27,6,26,327,24,64,37.5,17,49,34.7,15,19,78.9,7,15,46.7,5.714285714,2.285714286,3.142857143,1.142857143,0.357142857,23.35714286
Joel Embiid,embiijo01,30,PHI,4,79,30,14,2,4,13,11,5,25,125,22,58,37.9,3,18,16.7,32,32,100,19,40,47.5,19.75,7.5,3.5,0.5,1,31.25
Eric Gordon,gordoer01,36,PHI,16,77,15,21,10,5,13,13,3,12,264,25,77,32.5,10,42,23.8,17,22,77.3,15,35,42.9,4.8125,0.9375,1.3125,0.625,0.3125,16.5
Luke Kornet,kornelu01,29,BOS,17,77,74,27,10,21,7,24,31,43,298,30,47,63.8,0,0,0,17,19,89.5,30,47,63.8,4.529411765,4.352941176,1.588235294,0.588235294,1.235294118,17.52941176
Gabe Vincent,vincega01,28,LAL,22,77,24,15,16,1,9,36,6,18,395,30,88,34.1,13,55,23.6,4,8,50,17,33,51.5,3.5,1.090909091,0.681818182,0.727272727,0.045454545,17.95454545
Ricky Council IV,councri01,23,PHI,17,75,26,14,3,3,4,12,5,21,200,25,61,41,7,27,25.9,18,21,85.7,18,34,52.9,4.411764706,1.529411765,0.823529412,0.176470588,0.176470588,11.76470588
Monte Morris,morrimo01,29,PHO,15,75,18,23,7,3,5,6,3,15,166,26,56,46.4,11,26,42.3,12,14,85.7,15,30,50,5,1.2,1.533333333,0.466666667,0.2,11.06666667
David Roddy,roddyda01,23,ATL,13,75,39,19,6,2,13,11,4,35,200,27,47,57.4,10,23,43.5,11,13,84.6,17,24,70.8,5.769230769,3,1.461538462,0.461538462,0.153846154,15.38461538
Ben Sheppard,sheppbe01,23,IND,13,75,29,17,5,4,5,33,5,24,272,28,66,42.4,19,47,40.4,0,0,0,9,19,47.4,5.769230769,2.230769231,1.307692308,0.384615385,0.307692308,20.92307692
Pat Connaughton,connapa01,32,MIL,15,74,45,26,3,5,11,19,8,37,255,26,70,37.1,13,44,29.5,9,12,75,13,26,50,4.933333333,3,1.733333333,0.2,0.333333333,17
Blake Wesley,weslebl01,21,SAS,17,74,15,27,8,1,18,10,5,10,200,29,66,43.9,4,20,20,12,17,70.6,25,46,54.3,4.352941176,0.882352941,1.588235294,0.470588235,0.058823529,11.76470588
Drew Eubanks,eubandr01,27,UTA,18,73,70,22,4,11,16,22,22,48,244,30,54,55.6,1,3,33.3,12,21,57.1,29,51,56.9,4.055555556,3.888888889,1.222222222,0.222222222,0.611111111,13.55555556
Sandro Mamukelashvili,mamuksa01,25,SAS,15,73,43,5,3,5,9,9,8,35,137,26,46,56.5,14,31,45.2,7,7,100,12,15,80,4.866666667,2.866666667,0.333333333,0.2,0.333333333,9.133333333
Larry Nance Jr.,nancela02,32,ATL,9,71,22,11,7,3,4,11,10,12,140,28,43,65.1,14,22,63.6,1,2,50,14,21,66.7,7.888888889,2.444444444,1.222222222,0.777777778,0.333333333,15.55555556
Andrew Nembhard,nembhan01,25,IND,9,71,16,41,9,0,12,19,1,15,220,27,68,39.7,5,19,26.3,12,14,85.7,22,49,44.9,7.888888889,1.777777778,4.555555556,1,0,24.44444444
Dean Wade,wadede01,28,CLE,14,71,60,21,14,5,4,23,8,52,304,24,66,36.4,18,56,32.1,5,14,35.7,6,10,60,5.071428571,4.285714286,1.5,1,0.357142857,21.71428571
Jaxson Hayes,hayesja02,24,LAL,11,70,50,9,4,9,8,28,21,29,192,26,36,72.2,0,0,0,18,23,78.3,26,36,72.2,6.363636364,4.545454545,0.818181818,0.363636364,0.818181818,17.45454545
Oso Ighodaro,ighodos01,22,PHO,15,70,61,13,7,6,10,27,16,45,256,30,48,62.5,0,0,0,10,13,76.9,30,48,62.5,4.666666667,4.066666667,0.866666667,0.466666667,0.4,17.06666667
Andre Jackson Jr.,jacksan01,23,MIL,20,70,64,27,14,6,29,50,15,49,365,27,70,38.6,12,35,34.3,4,8,50,15,35,42.9,3.5,3.2,1.35,0.7,0.3,18.25
Gary Harris,harriga01,30,ORL,17,69,23,7,9,5,7,13,9,14,282,24,60,40,17,46,37,4,6,66.7,7,14,50,4.058823529,1.352941176,0.411764706,0.529411765,0.294117647,16.58823529
Kevin Love,loveke01,36,MIA,10,69,54,14,13,2,7,10,12,42,125,24,64,37.5,15,38,39.5,6,9,66.7,9,26,34.6,6.9,5.4,1.4,1.3,0.2,12.5
Rayan Rupert,ruperra01,20,POR,19,69,31,8,7,2,11,15,16,15,205,26,60,43.3,9,27,33.3,8,12,66.7,17,33,51.5,3.631578947,1.631578947,0.421052632,0.368421053,0.105263158,10.78947368
Jaylen Nowell,nowelja01,25,NOP,8,67,20,18,1,4,8,9,6,14,168,26,73,35.6,8,27,29.6,7,11,63.6,18,46,39.1,8.375,2.5,2.25,0.125,0.5,21
Robert Williams,williro04,27,POR,7,67,42,10,8,13,7,7,15,27,131,27,38,71.1,1,2,50,12,13,92.3,26,36,72.2,9.571428571,6,1.428571429,1.142857143,1.857142857,18.71428571
Jared Butler,butleja02,24,WAS,14,66,8,30,6,2,7,14,2,6,118,25,52,48.1,1,8,12.5,15,21,71.4,24,44,54.5,4.714285714,0.571428571,2.142857143,0.428571429,0.142857143,8.428571429
Jamal Cain,cainja01,25,NOP,13,66,36,9,7,6,7,18,11,25,191,24,50,48,9,25,36,9,14,64.3,15,25,60,5.076923077,2.769230769,0.692307692,0.538461538,0.461538462,14.69230769
Dejounte Murray,murrade01,28,NOP,5,66,31,33,12,2,18,11,2,29,156,22,81,27.2,6,28,21.4,16,18,88.9,16,53,30.2,13.2,6.2,6.6,2.4,0.4,31.2
Alex Caruso,carusal01,30,OKC,13,65,38,28,24,9,9,34,9,29,256,26,73,35.6,8,39,20.5,5,7,71.4,18,34,52.9,5,2.923076923,2.153846154,1.846153846,0.692307692,19.69230769
Moussa Diabate,diabamo01,23,CHO,21,65,168,16,15,20,20,37,78,90,423,30,55,54.5,0,0,0,5,15,33.3,30,55,54.5,3.095238095,8,0.761904762,0.714285714,0.952380952,20.14285714
Tyrese Martin,martity01,25,BRK,9,65,20,10,3,2,4,12,4,16,132,22,44,50,17,33,51.5,4,5,80,5,11,45.5,7.222222222,2.222222222,1.111111111,0.333333333,0.222222222,14.66666667
Antonio Reeves,reevean01,24,NOP,12,64,16,5,4,0,4,6,4,12,130,25,61,41,8,30,26.7,6,7,85.7,17,31,54.8,5.333333333,1.333333333,0.416666667,0.333333333,0,10.83333333
Alec Burks,burksal01,33,MIA,12,63,23,16,6,3,2,5,4,19,181,21,46,45.7,15,32,46.9,6,8,75,6,14,42.9,5.25,1.916666667,1.333333333,0.5,0.25,15.08333333
De'Anthony Melton,meltode01,26,GSW,6,62,20,17,7,2,10,18,6,14,121,22,54,40.7,13,35,37.1,5,8,62.5,9,19,47.4,10.33333333,3.333333333,2.833333333,1.166666667,0.333333333,20.16666667
Daniel Theis,theisda01,32,NOP,17,60,58,21,5,11,11,26,12,46,243,24,56,42.9,4,18,22.2,8,10,80,20,38,52.6,3.529411765,3.411764706,1.235294118,0.294117647,0.647058824,14.29411765
Ousmane Dieng,diengou01,21,OKC,16,56,42,13,11,4,4,18,9,33,186,20,59,33.9,9,36,25,7,11,63.6,11,23,47.8,3.5,2.625,0.8125,0.6875,0.25,11.625
Keaton Wallace,wallake01,25,ATL,12,56,18,22,10,6,12,13,2,16,194,22,55,40,8,26,30.8,4,4,100,14,29,48.3,4.666666667,1.5,1.833333333,0.833333333,0.5,16.16666667
Bones Hyland,hylanbo01,24,LAC,9,55,10,6,6,2,10,9,2,8,76,16,46,34.8,13,31,41.9,10,12,83.3,3,15,20,6.111111111,1.111111111,0.666666667,0.666666667,0.222222222,8.444444444
Isaac Jones,jonesis01,24,SAC,12,55,20,2,1,5,7,17,7,13,113,24,34,70.6,0,2,0,7,13,53.8,24,32,75,4.583333333,1.666666667,0.166666667,0.083333333,0.416666667,9.416666667
Jock Landale,landajo01,29,HOU,14,55,46,14,3,6,7,14,20,26,156,21,47,44.7,3,6,50,10,19,52.6,18,41,43.9,3.928571429,3.285714286,1,0.214285714,0.428571429,11.14285714
Vasilije Micic,micicva01,31,CHO,10,55,29,22,5,0,17,12,8,21,179,20,65,30.8,9,28,32.1,6,8,75,11,37,29.7,5.5,2.9,2.2,0.5,0,17.9
Aaron Nesmith,nesmiaa01,25,IND,6,55,24,6,4,2,5,24,4,20,136,19,36,52.8,6,11,54.5,11,13,84.6,13,25,52,9.166666667,4,1,0.666666667,0.333333333,22.66666667
Kenrich Williams,willike04,30,OKC,11,55,31,10,5,4,2,19,7,24,143,21,43,48.8,7,24,29.2,6,6,100,14,19,73.7,5,2.818181818,0.909090909,0.454545455,0.363636364,13
Paul Reed,reedpa01,25,DET,11,54,23,5,8,5,9,19,7,16,110,19,33,57.6,4,9,44.4,12,15,80,15,24,62.5,4.909090909,2.090909091,0.454545455,0.727272727,0.454545455,10
Cam Reddish,reddica01,25,LAL,15,53,34,9,15,5,7,25,6,28,293,18,37,48.6,9,20,45,8,12,66.7,9,17,52.9,3.533333333,2.266666667,0.6,1,0.333333333,19.53333333
Bruno Fernando,fernabr01,26,TOR,14,52,43,17,2,7,11,24,21,22,121,23,45,51.1,0,0,0,6,8,75,23,45,51.1,3.714285714,3.071428571,1.214285714,0.142857143,0.5,8.642857143
Wendell Moore Jr.,moorewe01,23,DET,11,52,36,12,7,3,8,12,9,27,164,19,35,54.3,3,9,33.3,11,12,91.7,16,26,61.5,4.727272727,3.272727273,1.090909091,0.636363636,0.272727273,14.90909091
Jabari Walker,walkeja01,22,POR,17,52,52,11,5,2,10,19,18,34,174,21,54,38.9,2,15,13.3,8,9,88.9,19,39,48.7,3.058823529,3.058823529,0.647058824,0.294117647,0.117647059,10.23529412
Dillon Jones,jonesdi01,23,OKC,20,50,42,15,4,1,8,19,16,26,176,19,54,35.2,7,32,21.9,5,8,62.5,12,22,54.5,2.5,2.1,0.75,0.2,0.05,8.8
Mo Bamba,bambamo01,26,LAC,10,49,39,8,7,12,7,22,7,32,136,19,43,44.2,5,20,25,6,9,66.7,14,23,60.9,4.9,3.9,0.8,0.7,1.2,13.6
Kobe Bufkin,bufkiko01,21,ATL,9,49,19,17,3,2,7,8,5,14,120,16,44,36.4,4,18,22.2,13,18,72.2,12,26,46.2,5.444444444,2.111111111,1.888888889,0.333333333,0.222222222,13.33333333
Cody Williams,willico04,20,UTA,16,49,37,19,7,5,11,20,8,29,299,18,67,26.9,7,37,18.9,6,10,60,11,30,36.7,3.0625,2.3125,1.1875,0.4375,0.3125,18.6875
Aaron Holiday,holidaa01,28,HOU,12,48,11,14,1,1,3,5,0,11,101,16,33,48.5,11,25,44,5,7,71.4,5,8,62.5,4,0.916666667,1.166666667,0.083333333,0.083333333,8.416666667
Delon Wright,wrighde01,32,MIL,18,48,33,29,13,6,8,11,11,22,287,17,53,32.1,9,32,28.1,5,10,50,8,21,38.1,2.666666667,1.833333333,1.611111111,0.722222222,0.333333333,15.94444444
Elfrid Payton,paytoel01,30,NOP,7,47,24,48,10,3,20,10,5,19,144,23,46,50,0,1,0,1,2,50,23,45,51.1,6.714285714,3.428571429,6.857142857,1.428571429,0.428571429,20.57142857
Cam Whitmore,whitmca01,20,HOU,8,47,11,4,1,1,3,9,4,7,79,18,48,37.5,1,21,4.8,10,16,62.5,17,27,63,5.875,1.375,0.5,0.125,0.125,9.875
Immanuel Quickley,quickim01,25,TOR,3,46,6,12,2,0,4,7,1,5,68,16,42,38.1,6,16,37.5,8,9,88.9,10,26,38.5,15.33333333,2,4,0.666666667,0,22.66666667
Doug McDermott,mcderdo01,33,SAC,17,45,14,3,2,1,1,15,1,13,143,15,47,31.9,12,39,30.8,3,5,60,3,8,37.5,2.647058824,0.823529412,0.176470588,0.117647059,0.058823529,8.411764706
Isaiah Collier,colliis01,20,UTA,14,44,22,43,12,2,33,24,1,21,239,17,53,32.1,3,22,13.6,7,16,43.8,14,31,45.2,3.142857143,1.571428571,3.071428571,0.857142857,0.142857143,17.07142857
Johnny Furphy,furphjo01,20,IND,13,44,20,5,4,4,8,9,9,11,131,15,39,38.5,9,23,39.1,5,5,100,6,16,37.5,3.384615385,1.538461538,0.384615385,0.307692308,0.307692308,10.07692308
Craig Porter Jr.,portecr01,24,CLE,16,44,14,22,5,6,9,7,1,13,151,18,31,58.1,5,11,45.5,3,5,60,13,20,65,2.75,0.875,1.375,0.3125,0.375,9.4375
Ja'Kobe Walter,walteja01,20,TOR,8,44,29,10,4,2,5,17,7,22,136,18,54,33.3,5,25,20,3,6,50,13,29,44.8,5.5,3.625,1.25,0.5,0.25,17
Reggie Jackson,jacksre01,34,PHI,10,43,9,21,6,3,7,8,1,8,119,16,39,41,11,25,44,0,0,0,5,14,35.7,4.3,0.9,2.1,0.6,0.3,11.9
Tyler Kolek,kolekty01,23,NYK,14,43,12,11,5,1,7,9,2,10,104,15,36,41.7,9,21,42.9,4,4,100,6,15,40,3.071428571,0.857142857,0.785714286,0.357142857,0.071428571,7.428571429
Marvin Bagley III,baglema01,25,WAS,13,42,27,3,2,1,8,2,12,15,70,17,34,50,0,5,0,8,11,72.7,17,29,58.6,3.230769231,2.076923077,0.230769231,0.153846154,0.076923077,5.384615385
Rob Dillingham,dilliro01,20,MIN,11,42,9,16,0,0,12,4,1,8,92,18,36,50,6,12,50,0,0,0,12,24,50,3.818181818,0.818181818,1.454545455,0,0,8.363636364
Jericho Sims,simsje01,26,NYK,21,42,86,14,6,9,11,32,31,55,288,19,26,73.1,0,0,0,4,7,57.1,19,26,73.1,2,4.095238095,0.666666667,0.285714286,0.428571429,13.71428571
Jordan McLaughlin,mclaujo01,28,SAC,17,40,17,16,8,0,8,10,3,14,144,12,33,36.4,6,19,31.6,10,14,71.4,6,14,42.9,2.352941176,1,0.941176471,0.470588235,0,8.470588235
Thomas Bryant,bryanth01,27,MIA,9,39,31,4,1,7,2,8,6,25,108,12,28,42.9,6,17,35.3,9,9,100,6,11,54.5,4.333333333,3.444444444,0.444444444,0.111111111,0.777777778,12
Johnny Davis,davisjo06,22,WAS,14,36,18,3,4,2,1,10,4,14,103,15,32,46.9,3,8,37.5,3,5,60,12,24,50,2.571428571,1.285714286,0.214285714,0.285714286,0.142857143,7.357142857
Charles Bassey,bassech01,24,SAS,12,35,36,5,5,12,6,12,13,23,102,15,28,53.6,0,0,0,5,8,62.5,15,28,53.6,2.916666667,3,0.416666667,0.416666667,1,8.5
Isaiah Jackson,jacksis01,23,IND,5,35,28,5,3,8,5,14,11,17,84,14,23,60.9,0,0,0,7,14,50,14,23,60.9,7,5.6,1,0.6,1.6,16.8
Anthony Gill,gillan01,32,WAS,14,34,14,5,3,1,1,3,3,11,90,12,20,60,3,7,42.9,7,14,50,9,13,69.2,2.428571429,1,0.357142857,0.214285714,0.071428571,6.428571429
Trey Jemison,jemistr01,25,NOP,13,34,37,8,6,6,10,24,16,21,145,14,28,50,0,0,0,6,13,46.2,14,28,50,2.615384615,2.846153846,0.615384615,0.461538462,0.461538462,11.15384615
Dario Saric,saricda01,30,DEN,10,34,35,11,6,0,11,14,9,26,136,12,40,30,5,19,26.3,5,6,83.3,7,21,33.3,3.4,3.5,1.1,0.6,0,13.6
Kai Jones,joneska01,24,LAC,15,33,30,5,3,9,6,14,11,19,128,13,18,72.2,0,0,0,7,10,70,13,18,72.2,2.2,2,0.333333333,0.2,0.6,8.533333333
Tre Jones,jonestr01,25,SAS,8,33,19,26,5,2,5,12,5,14,140,10,30,33.3,3,12,25,10,14,71.4,7,18,38.9,4.125,2.375,3.25,0.625,0.25,17.5
Patty Mills,millspa02,36,UTA,9,32,8,13,6,2,8,8,1,7,138,11,31,35.5,7,24,29.2,3,3,100,4,7,57.1,3.555555556,0.888888889,1.444444444,0.666666667,0.222222222,15.33333333
Josh Richardson,richajo01,31,MIA,8,32,12,12,8,1,8,17,6,6,150,11,38,28.9,6,22,27.3,4,4,100,5,16,31.3,4,1.5,1.5,1,0.125,18.75
Torrey Craig,craigto01,34,CHI,6,31,13,3,1,1,0,10,3,10,67,11,22,50,7,18,38.9,2,2,100,4,4,100,5.166666667,2.166666667,0.5,0.166666667,0.166666667,11.16666667
Taj Gibson,gibsota01,39,CHO,11,31,40,4,4,3,9,17,19,21,125,14,29,48.3,1,2,50,2,3,66.7,13,27,48.1,2.818181818,3.636363636,0.363636364,0.363636364,0.272727273,11.36363636
Ryan Rollins,rolliry01,22,MIL,11,31,11,9,7,4,7,10,3,8,72,10,25,40,6,12,50,5,6,83.3,4,13,30.8,2.818181818,1,0.818181818,0.636363636,0.363636364,6.545454545
Dwight Powell,poweldw01,33,DAL,16,30,30,10,6,8,5,25,11,19,139,8,10,80,0,0,0,14,20,70,8,10,80,1.875,1.875,0.625,0.375,0.5,8.6875
Nick Smith Jr.,smithni01,20,CHO,10,30,6,8,2,0,2,2,1,5,79,12,30,40,6,16,37.5,0,0,0,6,14,42.9,3,0.6,0.8,0.2,0,7.9
Ausar Thompson,thompau01,22,DET,5,30,15,14,2,3,8,11,6,9,76,12,29,41.4,3,9,33.3,3,7,42.9,9,20,45,6,3,2.8,0.4,0.6,15.2
Jaylon Tyson,tysonja01,22,CLE,12,30,24,11,4,0,6,17,10,14,102,12,26,46.2,3,10,30,3,6,50,9,16,56.3,2.5,2,0.916666667,0.333333333,0,8.5
Moses Brown,brownmo01,25,IND,9,29,13,0,2,1,6,6,4,9,46,13,20,65,0,0,0,3,5,60,13,20,65,3.222222222,1.444444444,0,0.222222222,0.111111111,5.111111111
Chris Duarte,duartch01,27,CHI,11,29,14,4,0,0,1,3,4,10,45,9,17,52.9,5,11,45.5,6,8,75,4,6,66.7,2.636363636,1.272727273,0.363636364,0,0,4.090909091
KJ Simpson,simpskj01,22,CHO,5,29,12,13,4,1,7,6,7,5,74,10,28,35.7,3,15,20,6,6,100,7,13,53.8,5.8,2.4,2.6,0.8,0.2,14.8
Hunter Tyson,tysonhu01,24,DEN,12,29,20,6,2,3,5,14,4,16,110,10,23,43.5,3,13,23.1,6,7,85.7,7,10,70,2.416666667,1.666666667,0.5,0.166666667,0.25,9.166666667
Christian Koloko,kolokch01,24,LAL,13,28,25,3,4,4,5,14,10,15,122,13,19,68.4,0,2,0,2,2,100,13,17,76.5,2.153846154,1.923076923,0.230769231,0.307692308,0.307692308,9.384615385
Lonzo Ball,balllo01,27,CHI,6,27,15,21,7,3,5,5,1,14,97,10,26,38.5,7,22,31.8,0,0,0,3,4,75,4.5,2.5,3.5,1.166666667,0.5,16.16666667
Herbert Jones,joneshe01,26,NOP,4,27,10,4,7,1,5,9,4,6,113,12,25,48,2,11,18.2,1,2,50,10,14,71.4,6.75,2.5,1,1.75,0.25,28.25
Vit Krejci,krejcvi01,24,ATL,9,26,10,10,4,2,5,15,3,7,98,9,22,40.9,4,11,36.4,4,7,57.1,5,11,45.5,2.888888889,1.111111111,1.111111111,0.444444444,0.222222222,10.88888889
Tristan Thompson,thomptr01,33,CLE,8,26,17,4,0,2,4,6,3,14,58,13,19,68.4,0,1,0,0,6,0,13,18,72.2,3.25,2.125,0.5,0,0.25,7.25
Patrick Baldwin Jr.,baldwpa01,22,WAS,11,25,12,1,2,2,2,4,3,9,56,9,19,47.4,5,11,45.5,2,4,50,4,8,50,2.272727273,1.090909091,0.090909091,0.181818182,0.181818182,5.090909091
John Konchar,konchjo01,28,MEM,11,25,29,9,5,5,5,9,8,21,132,8,18,44.4,6,16,37.5,3,4,75,2,2,100,2.272727273,2.636363636,0.818181818,0.454545455,0.454545455,12
Dru Smith,smithdr01,27,MIA,7,25,20,10,6,4,6,7,6,14,85,10,21,47.6,5,8,62.5,0,0,0,5,13,38.5,3.571428571,2.857142857,1.428571429,0.857142857,0.571428571,12.14285714
Steven Adams,adamsst01,31,HOU,11,24,32,11,3,1,16,14,14,18,118,8,16,50,0,0,0,8,18,44.4,8,16,50,2.181818182,2.909090909,1,0.272727273,0.090909091,10.72727273
Luka Garza,garzalu01,26,MIN,6,24,8,0,1,0,2,3,3,5,31,10,18,55.6,1,5,20,3,6,50,9,13,69.2,4,1.333333333,0,0.166666667,0,5.166666667
Maxi Kleber,klebima01,33,DAL,13,24,42,7,2,5,10,28,6,36,221,9,26,34.6,2,9,22.2,4,6,66.7,7,17,41.2,1.846153846,3.230769231,0.538461538,0.153846154,0.384615385,17
Alex Len,lenal01,31,SAC,16,24,32,11,3,11,6,14,7,25,117,11,20,55,0,4,0,2,4,50,11,16,68.8,1.5,2,0.6875,0.1875,0.6875,7.3125
Josh Minott,minotjo01,22,MIN,9,24,14,5,2,3,4,11,1,13,72,10,17,58.8,1,8,12.5,3,5,60,9,9,100,2.666666667,1.555555556,0.555555556,0.222222222,0.333333333,8
Kel'el Ware,wareke01,20,MIA,10,24,16,1,3,5,4,6,2,14,69,10,25,40,2,7,28.6,2,2,100,8,18,44.4,2.4,1.6,0.1,0.3,0.5,6.9
Adem Bona,bonaad01,21,PHI,14,21,24,0,0,6,6,15,8,16,90,8,13,61.5,0,0,0,5,6,83.3,8,13,61.5,1.5,1.714285714,0,0,0.428571429,6.428571429
DeAndre Jordan,jordade01,36,DEN,8,21,26,4,2,2,7,11,10,16,78,10,18,55.6,0,0,0,1,4,25,10,18,55.6,2.625,3.25,0.5,0.25,0.25,9.75
Jordan Walsh,walshjo01,20,BOS,16,21,17,3,4,6,4,11,5,12,141,8,26,30.8,5,20,25,0,1,0,3,6,50,1.3125,1.0625,0.1875,0.25,0.375,8.8125
Kobe Brown,brownko01,25,LAC,7,20,16,4,1,0,0,5,5,11,47,9,20,45,1,6,16.7,1,2,50,8,14,57.1,2.857142857,2.285714286,0.571428571,0.142857143,0,6.714285714
Jae Crowder,crowdja01,34,SAC,4,20,12,3,2,0,2,9,4,8,71,6,13,46.2,3,10,30,5,6,83.3,3,3,100,5,3,0.75,0.5,0,17.75
Enrique Freeman,freemen01,24,IND,14,20,11,6,2,2,4,15,3,8,106,7,17,41.2,1,5,20,5,9,55.6,6,12,50,1.428571429,0.785714286,0.428571429,0.142857143,0.142857143,7.571428571
Tyler Smith,smithty02,20,MIL,10,20,8,1,0,3,3,4,1,7,34,8,13,61.5,3,8,37.5,1,2,50,5,5,100,2,0.8,0.1,0,0.3,3.4
Pacome Dadiet,dadiepa01,19,NYK,11,19,13,5,1,2,1,5,0,13,77,6,18,33.3,5,12,41.7,2,2,100,1,6,16.7,1.727272727,1.181818182,0.454545455,0.090909091,0.181818182,7
Duop Reath,reathdu01,28,POR,12,19,8,2,0,2,1,7,5,3,58,7,21,33.3,5,16,31.3,0,0,0,2,5,40,1.583333333,0.666666667,0.166666667,0,0.166666667,4.833333333
MarJon Beauchamp,beaucma01,24,MIL,11,18,9,1,1,0,7,3,2,7,35,6,16,37.5,2,8,25,4,4,100,4,8,50,1.636363636,0.818181818,0.090909091,0.090909091,0,3.181818182
Jevon Carter,carteje01,29,CHI,10,18,7,6,3,0,4,1,1,6,52,7,22,31.8,4,15,26.7,0,0,0,3,7,42.9,1.8,0.7,0.6,0.3,0,5.2
Dariq Whitehead,whiteda01,20,BRK,3,18,3,1,2,1,3,1,0,3,26,6,11,54.5,6,10,60,0,0,0,0,1,0,6,1,0.333333333,0.666666667,0.333333333,8.666666667
Jae'Sean Tate,tateja01,29,HOU,9,18,18,4,4,0,6,8,3,15,41,7,12,58.3,0,1,0,4,7,57.1,7,11,63.6,2,2,0.444444444,0.444444444,0,4.555555556
Xavier Tillman Sr.,tillmxa01,26,BOS,15,18,32,6,4,3,5,12,7,25,141,7,27,25.9,3,15,20,1,2,50,4,12,33.3,1.2,2.133333333,0.4,0.266666667,0.2,9.4
Jeff Green,greenje02,38,HOU,7,17,4,1,2,0,2,2,0,4,40,7,13,53.8,3,8,37.5,0,0,0,4,5,80,2.428571429,0.571428571,0.142857143,0.285714286,0,5.714285714
Svi Mykhailiuk,mykhasv01,27,UTA,4,17,1,4,4,1,7,5,0,1,49,5,15,33.3,4,13,30.8,3,4,75,1,2,50,4.25,0.25,1,1,0.25,12.25
Zeke Nnaji,nnajize01,24,DEN,13,17,7,3,1,2,1,5,2,5,68,8,20,40,0,8,0,1,4,25,8,12,66.7,1.307692308,0.538461538,0.230769231,0.076923077,0.153846154,5.230769231
Jeff Dowtin,dowtije01,27,PHI,8,16,8,9,3,0,1,5,2,6,80,6,19,31.6,1,8,12.5,3,4,75,5,11,45.5,2,1,1.125,0.375,0,10
Olivier-Maxence Prosper,prospol01,22,DAL,12,16,15,1,2,0,1,6,8,7,64,7,21,33.3,0,4,0,2,3,66.7,7,17,41.2,1.333333333,1.25,0.083333333,0.166666667,0,5.333333333
Vince Williams Jr.,willivi01,24,MEM,3,16,11,9,0,2,7,9,4,7,45,7,19,36.8,1,8,12.5,1,4,25,6,11,54.5,5.333333333,3.666666667,3,0,0.666666667,15
Bol Bol,bolbo01,25,PHO,5,15,5,1,0,0,1,1,2,3,21,5,9,55.6,1,4,25,4,6,66.7,4,5,80,3,1,0.2,0,0,4.2
Adam Flagler,flaglad01,25,OKC,10,15,5,0,2,0,0,4,1,4,34,5,19,26.3,5,18,27.8,0,0,0,0,1,0,1.5,0.5,0,0.2,0,3.4
Cory Joseph,josepco01,33,ORL,13,15,9,9,2,2,2,3,3,6,46,5,15,33.3,5,12,41.7,0,0,0,0,3,0,1.153846154,0.692307692,0.692307692,0.153846154,0.153846154,3.538461538
Damion Lee,leeda03,32,PHO,4,15,5,5,2,0,3,1,0,5,37,4,14,28.6,1,9,11.1,6,6,100,3,5,60,3.75,1.25,1.25,0.5,0,9.25
E.J. Liddell,liddeej01,24,CHI,6,15,5,3,1,1,2,8,1,4,31,5,8,62.5,3,6,50,2,2,100,2,2,100,2.5,0.833333333,0.5,0.166666667,0.166666667,5.166666667
Drew Peterson,peterdr01,25,BOS,6,15,13,2,2,2,2,5,3,10,62,4,12,33.3,4,11,36.4,3,4,75,0,1,0,2.5,2.166666667,0.333333333,0.333333333,0.333333333,10.33333333
Micah Potter,pottemi01,26,UTA,3,15,21,3,1,1,4,4,9,12,60,5,12,41.7,5,10,50,0,0,0,0,2,0,5,7,1,0.333333333,0.333333333,20
Taylor Hendricks,hendrita0,21,UTA,3,14,15,2,5,4,2,8,5,10,75,4,18,22.2,3,12,25,3,4,75,1,6,16.7,4.666666667,5,0.666666667,1.666666667,1.333333333,25
JT Thor,thorjt01,22,CLE,2,14,2,0,2,2,2,2,0,2,14,5,5,100,2,2,100,2,2,100,3,3,100,7,1,0,1,1,7
Caleb Houstan,houstca01,22,ORL,14,13,7,0,0,2,1,6,1,6,66,4,20,20,3,17,17.6,2,2,100,1,3,33.3,0.928571429,0.5,0,0,0.142857143,4.714285714
Richaun Holmes,holmeri01,31,WAS,3,12,5,0,0,2,2,1,2,3,20,5,10,50,0,1,0,2,2,100,5,9,55.6,4,1.666666667,0,0,0.666666667,6.666666667
Ariel Hukporti,hukpoar01,22,NYK,9,12,17,4,0,8,8,14,3,14,80,5,10,50,0,0,0,2,4,50,5,10,50,1.333333333,1.888888889,0.444444444,0,0.888888889,8.888888889
Colby Jones,jonesco02,22,SAC,13,12,9,3,2,2,4,5,3,6,54,5,14,35.7,2,5,40,0,0,0,3,9,33.3,0.923076923,0.692307692,0.230769231,0.153846154,0.153846154,4.153846154
Matt Ryan,ryanma01,27,NYK,7,11,1,0,0,0,3,0,0,1,40,4,15,26.7,3,12,25,0,0,0,1,3,33.3,1.571428571,0.142857143,0,0,0,5.714285714
Day'Ron Sharpe,sharpda01,23,BRK,2,11,8,3,2,1,1,3,3,5,33,3,8,37.5,1,2,50,4,4,100,2,6,33.3,5.5,4,1.5,1,0.5,16.5
Yuki Kawamura,kawamyu01,23,MEM,12,10,2,7,0,0,4,4,0,2,34,3,13,23.1,1,9,11.1,3,4,75,2,4,50,0.833333333,0.166666667,0.583333333,0,0,2.833333333
Pat Spencer,spencpa01,28,GSW,5,10,5,7,1,0,2,3,3,2,28,4,9,44.4,0,0,0,2,2,100,4,9,44.4,2,1,1.4,0.2,0,5.6
Armel Traore,armeltr01,22,LAL,6,10,12,0,4,2,2,6,1,11,50,4,13,30.8,0,5,0,2,7,28.6,4,8,50,1.666666667,2,0,0.666666667,0.333333333,8.333333333
Vlatko Cancar,cancavl01,27,DEN,4,9,8,0,0,1,2,4,3,5,34,4,7,57.1,1,2,50,0,0,0,3,5,60,2.25,2,0,0,0.25,8.5
Trentyn Flowers,flowetr01,19,LAC,1,9,4,0,0,0,1,3,1,3,14,4,9,44.4,0,2,0,1,1,100,4,7,57.1,9,4,0,0,0,14
Lester Quinones,quinole01,24,PHI,4,9,4,1,0,0,4,0,3,1,17,4,8,50,0,3,0,1,1,100,4,5,80,2.25,1,0.25,0,0,4.25
Terrence Shannon Jr.,shannte01,24,MIN,6,9,1,4,2,1,3,0,0,1,28,4,8,50,1,3,33.3,0,0,0,3,5,60,1.5,0.166666667,0.666666667,0.333333333,0.166666667,4.666666667
Jazian Gortman,gortmja01,21,DAL,5,8,1,0,0,1,1,2,1,0,13,3,5,60,2,3,66.7,0,0,0,1,2,50,1.6,0.2,0,0,0.2,2.6
Jack McVeigh,mcveija01,28,HOU,6,8,4,1,0,1,1,1,1,3,21,3,11,27.3,2,8,25,0,0,0,1,3,33.3,1.333333333,0.666666667,0.166666667,0,0.166666667,3.5
Luke Travers,travelu01,23,CLE,5,8,6,5,1,1,2,3,1,5,40,3,7,42.9,0,3,0,2,2,100,3,4,75,1.6,1.2,1,0.2,0.2,8
TyTy Washington Jr.,washity02,23,PHO,3,8,1,4,2,0,1,0,0,1,27,3,6,50,2,3,66.7,0,0,0,1,3,33.3,2.666666667,0.333333333,1.333333333,0.666666667,0,9
Trey Alexander,alexatr01,21,DEN,8,7,1,2,0,1,1,3,0,1,41,2,10,20,1,6,16.7,2,2,100,1,4,25,0.875,0.125,0.25,0,0.125,5.125
PJ Dozier,doziepj01,28,MIN,6,7,5,5,1,0,1,3,1,4,28,2,3,66.7,2,3,66.7,1,6,16.7,0,0,0,1.166666667,0.833333333,0.833333333,0.166666667,0,4.666666667
AJ Johnson,johnsaj01,20,MIL,5,7,2,1,0,0,2,0,0,2,11,3,6,50,1,1,100,0,0,0,2,5,40,1.4,0.4,0.2,0,0,2.2
Orlando Robinson,robinor01,24,SAC,3,7,6,1,1,0,3,4,2,4,22,2,2,100,1,1,100,2,4,50,1,1,100,2.333333333,2,0.333333333,0.333333333,0,7.333333333
Jeenathan Williams,willije02,25,HOU,3,7,3,0,1,0,0,0,0,3,10,3,4,75,1,2,50,0,0,0,2,2,100,2.333333333,1,0,0.333333333,0,3.333333333
Taze Moore,mooreta02,26,POR,2,6,8,1,2,0,2,0,4,4,20,2,10,20,1,4,25,1,2,50,1,6,16.7,3,4,0.5,1,0,10
Adama Sanogo,sanogad01,22,CHI,3,6,2,1,0,0,1,1,2,0,14,3,5,60,0,0,0,0,0,0,3,5,60,2,0.666666667,0.333333333,0,0,4.666666667
Gui Santos,santogu01,22,GSW,6,6,6,2,0,0,2,3,1,5,22,2,5,40,1,3,33.3,1,2,50,1,2,50,1,1,0.333333333,0,0,3.666666667
Jaden Springer,sprinja01,22,BOS,7,6,6,3,3,0,1,3,3,3,24,2,7,28.6,0,2,0,2,4,50,2,5,40,0.857142857,0.857142857,0.428571429,0.428571429,0,3.428571429
Brandon Williams,willibr03,25,DAL,5,6,4,2,0,0,2,2,1,3,21,2,9,22.2,0,2,0,2,3,66.7,2,7,28.6,1.2,0.8,0.4,0,0,4.2
James Wiseman,wisemja01,23,IND,1,6,1,0,0,0,0,0,0,1,5,2,4,50,0,1,0,2,2,100,2,3,66.7,6,1,0,0,0,5
Cam Christie,chrisca02,19,LAC,1,5,3,0,2,0,1,0,1,2,18,2,7,28.6,1,4,25,0,0,0,1,3,33.3,5,3,0,2,0,18
Sidy Cissoko,cissosi01,20,SAS,8,5,6,5,0,0,1,4,2,4,23,2,5,40,1,2,50,0,2,0,1,3,33.3,0.625,0.75,0.625,0,0,2.875
Liam Robbins,robbili01,25,MIL,5,5,3,0,0,0,0,3,2,1,20,2,3,66.7,0,1,0,1,4,25,2,2,100,1,0.6,0,0,0,4
Garrett Temple,templga01,38,TOR,7,5,4,5,4,1,1,6,1,3,28,2,5,40,1,2,50,0,0,0,1,3,33.3,0.714285714,0.571428571,0.714285714,0.571428571,0.142857143,4
Alondes Williams,willial06,25,DET,1,5,0,1,0,0,0,0,0,0,4,2,2,100,1,1,100,0,0,0,1,1,100,5,0,1,0,0,4
Branden Carlson,carlsbr01,25,OKC,3,4,6,0,1,1,0,1,2,4,11,1,6,16.7,0,4,0,2,2,100,1,2,50,1.333333333,2,0,0.333333333,0.333333333,3.666666667
Colin Castleton,castlco01,24,MEM,6,4,5,0,0,1,0,2,0,5,14,0,1,0,0,1,0,4,4,100,0,0,0,0.666666667,0.833333333,0,0,0.166666667,2.333333333
Justin Edwards,edwarju01,21,PHI,2,4,2,1,0,0,0,0,0,2,9,2,3,66.7,0,1,0,0,1,0,2,2,100,2,1,0.5,0,0,4.5
Jalen Hood-Schifino,hoodsja01,21,LAL,2,4,1,1,0,1,1,3,1,0,14,1,1,100,0,0,0,2,2,100,1,1,100,2,0.5,0.5,0,0.5,7
Bronny James,jamesbr02,20,LAL,6,4,1,2,1,0,0,2,1,0,16,1,6,16.7,0,4,0,2,2,100,1,2,50,0.666666667,0.166666667,0.333333333,0.166666667,0,2.666666667
James Johnson,johnsja01,37,IND,3,4,2,2,0,1,3,0,0,2,10,2,4,50,0,1,0,0,0,0,2,3,66.7,1.333333333,0.666666667,0.666666667,0,0.333333333,3.333333333
Maxwell Lewis,lewisma05,22,LAL,6,4,2,2,1,0,1,1,2,0,27,2,6,33.3,0,0,0,0,0,0,2,6,33.3,0.666666667,0.333333333,0.333333333,0.166666667,0,4.5
Karlo Matkovic,matkoka01,23,NOP,5,4,10,0,3,3,4,4,6,4,39,2,5,40,0,0,0,0,0,0,2,5,40,0.8,2,0,0.6,0.6,7.8
Jared Rhoden,rhodeja01,25,CHO,4,4,4,2,1,0,1,1,2,2,12,2,8,25,0,2,0,0,0,0,2,6,33.3,1,1,0.5,0.25,0,3
Baylor Scheierman,scheiba01,24,BOS,5,4,7,2,1,0,0,3,2,5,34,1,10,10,0,6,0,2,2,100,1,4,25,0.8,1.4,0.4,0.2,0,6.8
Mark Williams,willima07,23,CHO,1,4,3,0,0,1,1,1,2,1,9,1,4,25,0,0,0,2,2,100,1,4,25,4,3,0,0,1,9
D.J. Carton,cartodj01,24,TOR,4,3,4,3,2,0,4,1,0,4,33,1,7,14.3,0,3,0,1,1,100,1,4,25,0.75,1,0.75,0.5,0,8.25
Yongxi Cui,cuiyo01,21,BRK,5,3,2,0,0,0,0,0,0,2,10,1,7,14.3,0,3,0,1,2,50,1,4,25,0.6,0.4,0,0,0,2
JD Davison,davisjd01,22,BOS,4,3,2,1,1,0,4,1,0,2,17,1,4,25,0,2,0,1,2,50,1,2,50,0.75,0.5,0.25,0.25,0,4.25
David Duke Jr.,dukeda01,25,SAS,1,3,0,2,0,0,0,1,0,0,8,1,4,25,0,1,0,1,2,50,1,3,33.3,3,0,2,0,0,8
Collin Gillespie,gilleco01,25,PHO,1,3,0,0,0,0,0,0,0,0,3,1,2,50,1,1,100,0,0,0,0,1,0,3,0,0,0,0,3
Jaylen Martin,martija02,21,BRK,2,3,0,0,0,0,0,1,0,0,3,1,1,100,1,1,100,0,0,0,0,0,0,1.5,0,0,0,0,1.5
Tristen Newton,newtotr01,23,IND,5,3,0,1,0,0,1,2,0,0,8,1,6,16.7,0,3,0,1,1,100,1,3,33.3,0.6,0,0.2,0,0,1.6
Trevelin Queen,queentr01,27,ORL,2,3,0,0,0,0,1,1,0,0,5,1,3,33.3,1,1,100,0,0,0,0,2,0,1.5,0,0,0,0,2.5
Oscar Tshiebwe,tshieos01,25,UTA,1,3,9,0,2,0,1,3,3,6,16,0,0,0,0,0,0,3,4,75,0,0,0,3,9,0,2,0,16
Stanley Umude,umudest01,25,MIL,6,3,3,1,0,1,0,0,0,3,17,1,3,33.3,1,3,33.3,0,2,0,0,0,0,0.5,0.5,0.166666667,0,0.166666667,2.833333333
Reece Beekman,beekmre01,23,GSW,2,2,1,1,1,0,0,1,1,0,4,1,1,100,0,0,0,0,0,0,1,1,100,1,0.5,0.5,0.5,0,2
Ulrich Chomche,chomcul01,19,TOR,1,2,1,0,0,0,0,0,0,1,5,1,1,100,0,0,0,0,0,0,1,1,100,2,1,0,0,0,5
Mouhamed Gueye,gueyemo02,22,ATL,2,2,2,0,0,0,1,0,0,2,11,1,4,25,0,2,0,0,0,0,1,2,50,1,1,0,0,0,5.5
PJ Hall,hallpj01,22,DEN,4,2,0,0,0,0,0,1,0,0,8,1,3,33.3,0,2,0,0,0,0,1,1,100,0.5,0,0,0,0,2
Keshad Johnson,johnske10,23,MIA,2,2,2,0,0,0,0,0,0,2,12,1,2,50,0,1,0,0,0,0,1,1,100,1,1,0,0,0,6
Malevy Leons,leonsma01,25,OKC,6,2,3,1,0,0,1,4,1,2,21,0,2,0,0,1,0,2,4,50,0,1,0,0.333333333,0.5,0.166666667,0,0,3.5
Chris Livingston,livinch01,21,MIL,3,2,2,1,1,0,1,0,1,1,6,1,2,50,0,0,0,0,0,0,1,2,50,0.666666667,0.666666667,0.333333333,0.333333333,0,2
Markieff Morris,morrima02,35,DAL,2,2,4,2,0,0,0,0,0,4,10,1,6,16.7,0,2,0,0,0,0,1,4,25,1,2,1,0,0,5
Alex Reese,reeseal01,25,OKC,1,2,1,0,0,0,0,0,1,0,2,1,1,100,0,0,0,0,0,0,1,1,100,2,1,0,0,0,2
Cam Spencer,spencca01,24,MEM,2,2,2,2,0,1,1,2,0,2,21,1,2,50,0,1,0,0,0,0,1,1,100,1,1,1,0,0.5,10.5
Jacob Toppin,toppija01,24,NYK,6,2,3,2,0,0,1,0,0,3,19,1,3,33.3,0,2,0,0,0,0,1,1,100,0.333333333,0.5,0.333333333,0,0,3.166666667
Dominick Barlow,barlodo01,21,ATL,2,1,0,0,0,0,0,1,0,0,11,0,1,0,0,0,0,1,2,50,0,1,0,0.5,0,0,0,0,5.5
Jalen Bridges,bridgja01,23,PHO,2,1,1,0,0,0,2,0,0,1,11,0,2,0,0,2,0,1,2,50,0,0,0,0.5,0.5,0,0,0,5.5
Daishen Nix,nixda01,22,MIN,2,1,4,3,0,0,3,1,0,4,11,0,1,0,0,1,0,1,2,50,0,0,0,0.5,2,1.5,0,0,5.5
Justin Champagnie,champju01,23,WAS,2,0,2,1,0,0,0,3,1,1,5,0,0,0,0,0,0,0,0,0,0,0,0,0,1,0.5,0,0,2.5
Alex Ducas,ducasal01,24,OKC,4,0,0,0,0,0,0,0,0,0,7,0,3,0,0,2,0,0,0,0,0,1,0,0,0,0,0,0,1.75
Kessler Edwards,edwarke02,24,DAL,4,0,0,0,0,0,1,2,0,0,9,0,2,0,0,2,0,0,0,0,0,0,0,0,0,0,0,0,2.25
Joe Ingles,inglejo01,37,MIN,7,0,2,9,0,0,1,5,2,0,26,0,2,0,0,2,0,0,0,0,0,0,0,0,0.285714286,1.285714286,0,0,3.714285714
Harrison Ingram,ingraha01,22,SAS,1,0,1,0,0,0,0,1,0,1,7,0,1,0,0,0,0,0,0,0,0,1,0,0,1,0,0,0,7
Daniss Jenkins,jenkida01,23,DET,2,0,0,0,0,0,0,1,0,0,5,0,2,0,0,2,0,0,0,0,0,0,0,0,0,0,0,0,2.5
Mason Jones,jonesma05,26,SAC,3,0,4,7,0,0,0,1,1,3,13,0,2,0,0,2,0,0,0,0,0,0,0,0,1.333333333,2.333333333,0,0,4.333333333
Spencer Jones,jonessp01,23,DEN,2,0,1,0,2,0,0,0,0,1,4,0,1,0,0,1,0,0,0,0,0,0,0,0,0.5,0,1,0,2
Mac McClung,mccluma01,26,ORL,1,0,1,2,0,0,0,0,0,1,5,0,0,0,0,0,0,0,0,0,0,0,0,0,1,2,0,0,5
Justin Minaya,minayju01,25,POR,1,0,1,0,0,0,0,1,0,1,6,0,0,0,0,0,0,0,0,0,0,0,0,0,1,0,0,0,6
Riley Minix,minixri01,24,SAS,1,0,2,0,0,0,0,0,0,2,7,0,1,0,0,1,0,0,0,0,0,0,0,0,2,0,0,0,7
Jalen Pickett,pickeja02,25,DEN,2,0,0,0,0,0,0,0,0,0,4,0,1,0,0,1,0,0,0,0,0,0,0,0,0,0,0,0,2
Cole Swider,swideco01,25,DET,2,0,2,1,0,0,0,1,0,2,13,0,5,0,0,5,0,0,0,0,0,0,0,0,1,0.5,0,0,6.5
